﻿ResellerKey,Business Type,Reseller,City,State-Province,Country-Region
277,Specialty Bike Shop,The Bicycle Accessories Company,Alhambra,California,United States
455,Value Added Reseller,Timely Shipping Service,Alpine,California,United States
609,Value Added Reseller,Good Toys,Auburn,California,United States
492,Specialty Bike Shop,Basic Sports Equipment,Baldwin Park,California,United States
365,Specialty Bike Shop,Distinctive Store,Barstow,California,United States
168,Specialty Bike Shop,Economy Bikes Company,Bell Gardens,California,United States
6,Warehouse,Aerobic Exercise Company,Camarillo,California,United States
402,Warehouse,Pro Sporting Goods,Camarillo,California,United States
529,Warehouse,Big-Time Bike Store,Camarillo,California,United States
241,Specialty Bike Shop,Vale Riding Supplies,Canoga Park,California,United States
167,Value Added Reseller,Farthermost Bike Shop,Carson,California,United States
187,Warehouse,Trailblazing Sports,Cerritos,California,United States
493,Warehouse,Valley Bicycle Distributors,Citrus Heights,California,United States
366,Warehouse,Extended Bike Sales,City Of Commerce,California,United States
312,Value Added Reseller,Resale Services,Culver City,California,United States
151,Warehouse,Futuristic Bikes,Culver City,California,United States
674,Specialty Bike Shop,Discount Tours,Daly City,California,United States
329,Specialty Bike Shop,"Unicycles, Bicycles, and Tricycles",Downey,California,United States
313,Specialty Bike Shop,Metropolitan Manufacturing,El Cajon,California,United States
25,Value Added Reseller,Coalition Bike Company,El Segundo,California,United States
131,Value Added Reseller,Eighth Bike Store,El Segundo,California,United States
648,Value Added Reseller,Small Bike Shop,El Segundo,California,United States
528,Specialty Bike Shop,Alpine Ski House,Elk Grove,California,United States
257,Warehouse,Number 1 Supply,Escondido,California,United States
474,Specialty Bike Shop,Retail Cycle Shop,Eureka,California,United States
113,Value Added Reseller,Trendy Department Stores,Fontana,California,United States
5,Specialty Bike Shop,Metropolitan Sports Supply,Fremont,California,United States
61,Value Added Reseller,Many Bikes Store,Fullerton,California,United States
385,Value Added Reseller,Sturdy Toys,Gilroy,California,United States
330,Warehouse,The New Bike Store,Hanford,California,United States
60,Warehouse,Main Bicycle Services,Hayward,California,United States
456,Specialty Bike Shop,Riding Excursions,Irvine,California,United States
608,Warehouse,Golf and Cycle Store,La Mesa,California,United States
403,Value Added Reseller,Affordable Sports Equipment,Lake Elsinore,California,United States
275,Warehouse,Outdoor Sporting Goods,Lakewood,California,United States
41,Specialty Bike Shop,Distant Inn,Milpitas,California,United States
133,Warehouse,Commercial Sporting Goods,Modesto,California,United States
491,Value Added Reseller,Area Bike Accessories,Modesto,California,United States
203,Value Added Reseller,Separate Parts Corporation,Monrovia,California,United States
97,Value Added Reseller,Mountain Bike Center,Newark,California,United States
42,Warehouse,Healthy Activity Store,Newport Beach,California,United States
419,Specialty Bike Shop,Exertion Activities Club,Norwalk,California,United States
600,Value Added Reseller,Strenuous Exercise Shop,Norwalk,California,United States
331,Value Added Reseller,Technical Parts Manufacturing,Ontario,California,United States
78,Warehouse,Preferred Bikes,Ontario,California,United States
240,Value Added Reseller,Wire Baskets and Parts,Orange,California,United States
276,Value Added Reseller,Thrifty Parts and Sales,Oxnard,California,United States
295,Specialty Bike Shop,Engineered Bike Systems,Oxnard,California,United States
95,Specialty Bike Shop,Rural Department Store,Pleasanton,California,United States
383,Specialty Bike Shop,Vehicle Shop,Redlands,California,United States
258,Value Added Reseller,Quantity Discounts,Sacramento,California,United States
545,Value Added Reseller,Finish and Sealant Products,San Bruno,California,United States
367,Value Added Reseller,Brown Bicycle Company,San Diego,California,United States
77,Specialty Bike Shop,Mechanical Products Ltd.,San Diego,California,United States
114,Specialty Bike Shop,Two Wheels Cycle Store,San Francisco,California,United States
185,Value Added Reseller,Weekend Bike Tours,San Jose,California,United States
349,Value Added Reseller,Exercise Center,San Jose,California,United States
511,Warehouse,Wheel Gallery,San Mateo,California,United States
23,Specialty Bike Shop,Bike World,San Ramon,California,United States
384,Warehouse,Sparkling Paint and Finishes,San Ysidro,California,United States
599,Warehouse,Westside Plaza,Sand City,California,United States
649,Specialty Bike Shop,Sports Products Store,Santa Ana,California,United States
96,Warehouse,More Bikes!,Santa Ana,California,United States
239,Warehouse,Bicycle Merchandise Warehouse,Santa Monica,California,United States
420,Warehouse,Extreme Riding Supplies,Sherman Oaks,California,United States
259,Specialty Bike Shop,Highway Bike Shop,Simi Valley,California,United States
150,Specialty Bike Shop,Fleet Bikes,Stockton,California,United States
204,Specialty Bike Shop,Traction Tire Company,Torrance,California,United States
510,Specialty Bike Shop,World Bike Discount Store,Trabuco Canyon,California,United States
24,Warehouse,Eastside Department Store,Union City,California,United States
311,Warehouse,Principal Bike Company,Upland,California,United States
347,Specialty Bike Shop,Bike Universe,Vacaville,California,United States
582,Value Added Reseller,Professional Sales and Service,Van Nuys,California,United States
59,Specialty Bike Shop,Locks Company,Visalia,California,United States
294,Value Added Reseller,Flawless Bike Shop,Vista,California,United States
565,Specialty Bike Shop,Metallic Paint and Overcoat Co,Vista,California,United States
547,Specialty Bike Shop,Curbside Sporting Goods,Walnut Creek,California,United States
421,Value Added Reseller,Fitness Cycling,Whittier,California,United States
296,Warehouse,Extreme Toy Store,Birmingham,Alabama,United States
224,Warehouse,Pedal Systems Company,Florence,Alabama,United States
44,Specialty Bike Shop,Games and Sport Supply Company,Huntsville,Alabama,United States
387,Warehouse,Racing Association,Huntsville,Alabama,United States
189,Specialty Bike Shop,Principal Bicycle Supply,Mobile,Alabama,United States
332,Specialty Bike Shop,Topnotch Bikes,Montgomery,Alabama,United States
205,Warehouse,Rally Master Company Inc,Chandler,Arizona,United States
625,Specialty Bike Shop,Major Sporting Goods,Chandler,Arizona,United States
563,Warehouse,Systematic Sales,Gilbert,Arizona,United States
457,Warehouse,Retail Sporting Equipment,Mesa,Arizona,United States
473,Value Added Reseller,Racing Toys,Phoenix,Arizona,United States
437,Value Added Reseller,Professional Cycle Store,Phoenix,Arizona,United States
475,Warehouse,Real Sporting Goods,Phoenix,Arizona,United States
624,Value Added Reseller,First Cycle Store,Scottsdale,Arizona,United States
610,Specialty Bike Shop,Fitness Department Stores,Scottsdale,Arizona,United States
583,Specialty Bike Shop,Professional Containers and Packaging Co.,Surprise,Arizona,United States
509,Value Added Reseller,Fun Toys and Bikes,Tucson,Arizona,United States
439,Warehouse,Regional Manufacturing,Tucson,Arizona,United States
222,Value Added Reseller,Sample Bike Store,Denver,Colorado,United States
223,Specialty Bike Shop,Paints and Solvents Company,Englewood,Colorado,United States
79,Value Added Reseller,Reasonable Bicycle Sales,Greeley,Colorado,United States
523,Warehouse,Futuristic Sport Distributors,Longmont,Colorado,United States
546,Value Added Reseller,Field Trip Store,Loveland,Colorado,United States
348,Warehouse,Bold Bike Accessories,Loveland,Colorado,United States
527,Value Added Reseller,Fun Times Club,Parker,Colorado,United States
132,Specialty Bike Shop,Another Sporting Goods Company,Westminster,Colorado,United States
149,Value Added Reseller,Initial Bike Company,Westminster,Colorado,United States
143,Value Added Reseller,Modern Bike Store,East Haven,Connecticut,United States
71,Specialty Bike Shop,Outdoor Distributors,Farmington,Connecticut,United States
251,Warehouse,Endurance Bikes,Hamden,Connecticut,United States
252,Value Added Reseller,Classic Cycle Store,Milford,Connecticut,United States
684,Warehouse,Lease-a-Bike Shop,Milford,Connecticut,United States
691,Value Added Reseller,Mountain Bike Store,New Haven,Connecticut,United States
125,Value Added Reseller,Immediate Repair Shop,Stamford,Connecticut,United States
216,Specialty Bike Shop,Painters Bicycle Specialists,Waterbury,Connecticut,United States
215,Value Added Reseller,Eleventh Bike Store,Westport,Connecticut,United States
261,Value Added Reseller,Functional Store North,Altamonte Springs,Florida,United States
611,Warehouse,Front Runner Bikes,Bradenton,Florida,United States
153,Specialty Bike Shop,Widget Bicycle Specialists,Clearwater,Florida,United States
549,Value Added Reseller,Daring Rides,Clearwater,Florida,United States
458,Value Added Reseller,Simple Bike Parts,Destin,Florida,United States
612,Value Added Reseller,General Associates,Hollywood,Florida,United States
243,Value Added Reseller,Recreation Supplies,Kendall,Florida,United States
495,Specialty Bike Shop,Tough and Reliable Parts,Lakeland,Florida,United States
315,Value Added Reseller,Juvenile Sports Equipment,Merritt Island,Florida,United States
494,Value Added Reseller,Worthwhile Activity Store,Miami,Florida,United States
242,Warehouse,Spoke Manufacturers,Miami,Florida,United States
260,Warehouse,Industrial Supplies,Miami,Florida,United States
188,Value Added Reseller,Variety Bike Outlet,Miami,Florida,United States
81,Warehouse,Rally Day Mall,Miami,Florida,United States
98,Specialty Bike Shop,Superlative Bikes,Miami,Florida,United States
26,Specialty Bike Shop,Stylish Department Stores,Miami,Florida,United States
8,Specialty Bike Shop,Exemplary Cycles,Miami,Florida,United States
603,Value Added Reseller,Retail Toy Store,Miami,Florida,United States
628,Specialty Bike Shop,Executive Discount Store,Miami,Florida,United States
675,Warehouse,Bike Goods,North Miami Beach,Florida,United States
278,Warehouse,Tread Industries,Orlando,Florida,United States
440,Value Added Reseller,Hobby Store,Orlando,Florida,United States
530,Value Added Reseller,Valuable Bike Parts Company,Orlando,Florida,United States
99,Warehouse,Unified Sports Company,Sarasota,Florida,United States
80,Specialty Bike Shop,Racks and Security Systems,Sunrise,Florida,United States
477,Specialty Bike Shop,Quitting Business Distributors,Tampa,Florida,United States
531,Specialty Bike Shop,Sunny Place Bikes,Vero Beach,Florida,United States
116,Value Added Reseller,Retirement Activities Association,Atlanta,Georgia,United States
651,Value Added Reseller,Retread Tire Company,Augusta,Georgia,United States
676,Value Added Reseller,Better Bike Shop,Austell,Georgia,United States
525,Specialty Bike Shop,Cycles and Scooters,Byron,Georgia,United States
152,Value Added Reseller,Distance Bikes,Clarkston,Georgia,United States
476,Value Added Reseller,Noiseless Gear Company,Columbus,Georgia,United States
368,Specialty Bike Shop,Elemental Sporting Goods,Decatur,Georgia,United States
459,Specialty Bike Shop,Parts Shop,La Grange,Georgia,United States
652,Specialty Bike Shop,Selected Distributors,Marietta,Georgia,United States
351,Warehouse,Acclaimed Bicycle Company,Mcdonough,Georgia,United States
171,Specialty Bike Shop,Eighty Toy Stores,Mcdonough,Georgia,United States
584,Warehouse,Qualified Sales and Repair Services,Savannah,Georgia,United States
117,Specialty Bike Shop,Pedals Warehouse,Suwanee,Georgia,United States
110,Value Added Reseller,Vintage Sport Boutique,Idaho Falls,Idaho,United States
488,Value Added Reseller,Bicycle Accessories and Kits,Lewiston,Idaho,United States
398,Specialty Bike Shop,Commendable Bikes,Sandpoint,Idaho,United States
148,Warehouse,Lots of Bikes Storehouse,Carol Stream,Illinois,United States
147,Specialty Bike Shop,Local Hardware Factory,Chicago,Illinois,United States
183,Specialty Bike Shop,This Area Sporting Goods,Chicago,Illinois,United States
237,Value Added Reseller,Client Discount Store,Chicago,Illinois,United States
219,Value Added Reseller,Extras Sporting Goods,Chicago,Illinois,United States
58,Value Added Reseller,Largest Bike Store,Chicago,Illinois,United States
111,Specialty Bike Shop,Westside Cycle Store,Elgin,Illinois,United States
400,Value Added Reseller,Local Sales and Rental,Joliet,Illinois,United States
346,Value Added Reseller,Great Bicycle Supply,Moline,Illinois,United States
472,Warehouse,Summer Sports Place,Norridge,Illinois,United States
310,Specialty Bike Shop,Orange Bicycle Company,Peoria,Illinois,United States
622,Specialty Bike Shop,Gift and Toy Store,Tuscola,Illinois,United States
57,Warehouse,Leading Sales & Repair,West Chicago,Illinois,United States
129,Specialty Bike Shop,Discount Bicycle Specialists,Wood Dale,Illinois,United States
76,Value Added Reseller,Out-of-the-Way Hotels,Wood Dale,Illinois,United States
414,Warehouse,Grand Discount Store,Daleville,Indiana,United States
161,Value Added Reseller,Weekend Tours,Fort Wayne,Indiana,United States
234,Value Added Reseller,Eastside Sporting Goods,Indianapolis,Indiana,United States
432,Warehouse,Super Sports Store,Indianapolis,Indiana,United States
342,Warehouse,Leather and Vinyl Manufacturing,Indianapolis,Indiana,United States
636,Value Added Reseller,Recreation Systems,Logansport,Indiana,United States
305,Warehouse,Professional Sporting Goods,Michigan City,Indiana,United States
396,Warehouse,Executive Gift Store,New Castle,Indiana,United States
36,Warehouse,Exotic Bikes,South Bend,Indiana,United States
225,Value Added Reseller,Optimal Bikes,Campbellsville,Kentucky,United States
369,Warehouse,Distinctive Cycles Sales & Service,Florence,Kentucky,United States
513,Specialty Bike Shop,Village Tours,Newport,Kentucky,United States
297,Value Added Reseller,Blue-Ribbon Bike Company,Saint Matthews,Kentucky,United States
441,Specialty Bike Shop,Leading Bike Distributors,Somerset,Kentucky,United States
486,Specialty Bike Shop,Convenient Bike Shop,Braintree,Massachusetts,United States
53,Specialty Bike Shop,Incomparable Bicycle Store,Norwood,Massachusetts,United States
107,Specialty Bike Shop,Wholesale Bikes,Randolph,Massachusetts,United States
450,Specialty Bike Shop,Bikes Anyone?,Saugus,Massachusetts,United States
557,Warehouse,Purchase Mart,Wrentham,Massachusetts,United States
108,Warehouse,Wheelsets Storehouse,Kittery,Maine,United States
642,Value Added Reseller,Fitness Sport Boutique,Kittery,Maine,United States
323,Warehouse,Metro Bike Works,Detroit,Michigan,United States
431,Specialty Bike Shop,Small Cycle Store,Holland,Michigan,United States
660,Warehouse,Exhilarating Cycles,Howell,Michigan,United States
287,Warehouse,Handy Bike Services,Madison Heights,Michigan,United States
395,Specialty Bike Shop,Online Bike Sellers,Midland,Michigan,United States
468,Specialty Bike Shop,Blue Bicycle Company,Monroe,Michigan,United States
197,Value Added Reseller,"Fabrikam Inc., West",Novi,Michigan,United States
180,Specialty Bike Shop,Full-Service Bike Store,Pontiac,Michigan,United States
643,Specialty Bike Shop,Friendly Bike Shop,Port Huron,Michigan,United States
504,Specialty Bike Shop,Historic Bicycle Sales,Redford,Michigan,United States
377,Specialty Bike Shop,Grand Sport Boutique,Saginaw,Michigan,United States
360,Warehouse,Novelty Bikes,Saginaw,Michigan,United States
198,Specialty Bike Shop,Field Trip Inc,Southfield,Michigan,United States
306,Value Added Reseller,Work and Play Association,Southgate,Michigan,United States
288,Value Added Reseller,Kickstand Sellers,Westland,Michigan,United States
18,Warehouse,Catalog Store,Zeeland,Michigan,United States
579,Value Added Reseller,Riders Company,Branch,Minnesota,United States
274,Specialty Bike Shop,Active Systems,Duluth,Minnesota,United States
39,Warehouse,Fitness Hotel,Edina,Minnesota,United States
694,Value Added Reseller,The Accessories Store,Medford,Minnesota,United States
623,Warehouse,Hardware Components,Minneapolis,Minnesota,United States
562,Specialty Bike Shop,Practical Bike Supply Company,Woodbury,Minnesota,United States
598,Specialty Bike Shop,Black Bicycle Company,Branson,Missouri,United States
364,Value Added Reseller,District Mall,Ferguson,Missouri,United States
238,Specialty Bike Shop,A Great Bicycle Company,Jefferson City,Missouri,United States
544,Warehouse,Valley Bicycle Specialists,Kansas City,Missouri,United States
695,Specialty Bike Shop,Responsible Bike Dealers,Kansas City,Missouri,United States
670,Value Added Reseller,First Bike Store,Odessa,Missouri,United States
363,Warehouse,Immense Manufacturing Company,Saint Ann,Missouri,United States
327,Value Added Reseller,World of Bikes,Saint Louis,Missouri,United States
381,Warehouse,Bicycle Lines Distributors,Saint Louis,Missouri,United States
220,Specialty Bike Shop,Best o' Bikes,Saint Louis,Missouri,United States
646,Specialty Bike Shop,Yellow Bicycle Company,Saint Louis,Missouri,United States
423,Warehouse,Bike Rims Company,Biloxi,Mississippi,United States
566,Warehouse,eCommerce Bikes,Gulfport,Mississippi,United States
314,Warehouse,One-Piece Handle Bars,Tupelo,Mississippi,United States
38,Specialty Bike Shop,Finer Mart,Billings,Montana,United States
541,Warehouse,Nonskid Tire Company,Great Falls,Montana,United States
434,Specialty Bike Shop,Road-Way Mart,Missoula,Montana,United States
700,Value Added Reseller,Underglaze and Finish Company,Charlotte,North Carolina,United States
63,Warehouse,Metro Bike Mart,Greensboro,North Carolina,United States
699,Warehouse,Sensational Discount Store,Kannapolis,North Carolina,United States
627,Value Added Reseller,Exchange Parts Inc.,Raleigh,North Carolina,United States
207,Specialty Bike Shop,Lubricant and Grease Suppliers,Rocky Mount,North Carolina,United States
524,Value Added Reseller,Chain and Chain Tool Distributions,Smithfield,North Carolina,United States
206,Value Added Reseller,New and Used Bicycles,Winston-Salem,North Carolina,United States
503,Value Added Reseller,Metropolitan Sales and Rental,Hooksett,New Hampshire,United States
72,Warehouse,Outdoor Equipment Store,Nashua,New Hampshire,United States
594,Value Added Reseller,Casual Bicycle Store,Nashua,New Hampshire,United States
618,Value Added Reseller,Seventh Bike Store,Plaistow,New Hampshire,United States
558,Value Added Reseller,Retail Sales and Service,Tilton,New Hampshire,United States
221,Warehouse,Bike Dealers Association,Las Cruces,New Mexico,United States
581,Warehouse,Safe Toys,Rio Rancho,New Mexico,United States
186,Specialty Bike Shop,Thrilling Bike Tours,Santa Fe,New Mexico,United States
169,Warehouse,Downtown Hotel,Fernley,Nevada,United States
438,Specialty Bike Shop,Remarkable Bike Store,Las Vegas,Nevada,United States
401,Specialty Bike Shop,Brightwork Company,Las Vegas,Nevada,United States
626,Warehouse,Retail Sporting Goods,Las Vegas,Nevada,United States
564,Value Added Reseller,Imported and Domestic Cycles,North Las Vegas,Nevada,United States
650,Warehouse,Permanent Finish Products,Reno,Nevada,United States
115,Warehouse,Security Racks and Locks Wholesalers,Sparks,Nevada,United States
413,Specialty Bike Shop,Margie's Travel,Central Valley,New York,United States
522,Specialty Bike Shop,Small Bike Accessories Shop,Cheektowaga,New York,United States
341,Specialty Bike Shop,Independent Outlet,Clay,New York,United States
324,Value Added Reseller,A Bicycle Association,De Witt,New York,United States
126,Specialty Bike Shop,Famous Bike Sales and Service,Endicott,New York,United States
619,Specialty Bike Shop,Strong Metal Manufacturing,Ithaca,New York,United States
539,Value Added Reseller,Glossy Bikes,Lake George,New York,United States
54,Warehouse,Larger Cycle Shop,Melville,New York,United States
233,Warehouse,Fashionable Department Stores,New Hartford,New York,United States
144,Specialty Bike Shop,Only Bikes and Accessories,New York,New York,United States
667,Value Added Reseller,Traditional Department Stores,Valley Stream,New York,United States
540,Specialty Bike Shop,Guaranteed Sales and Service,Burbank,Ohio,United States
575,Warehouse,Bicycle Outfitters,Cincinnati,Ohio,United States
359,Specialty Bike Shop,Mechanical Sports Center,Cincinnati,Ohio,United States
666,Warehouse,Bike Boutique,Columbus,Ohio,United States
269,Warehouse,Curbside Universe,Euclid,Ohio,United States
690,Warehouse,Active Cycling,Heath,Ohio,United States
593,Warehouse,Expert Sports Store,Holland,Ohio,United States
576,Value Added Reseller,The Bike Mechanics,Mansfield,Ohio,United States
179,Value Added Reseller,Fourth Bike Store,Mentor,Ohio,United States
270,Value Added Reseller,Active Transport Inc.,North Randall,Ohio,United States
89,Specialty Bike Shop,Riverside Company,Oberlin,Ohio,United States
378,Warehouse,Grown-up Bike Store,Springdale,Ohio,United States
452,Value Added Reseller,A Cycle Shop,Albany,Oregon,United States
595,Specialty Bike Shop,Cycle Clearance,Albany,Oregon,United States
645,Value Added Reseller,Superior Hardware Distributors,Beaverton,Oregon,United States
91,Value Added Reseller,Scooters and Bikes Store,Beaverton,Oregon,United States
604,Specialty Bike Shop,Sellers of Cycles,Clackamas,Oregon,United States
181,Warehouse,Family Entertainment Center,Clackamas,Oregon,United States
693,Warehouse,Stock Parts and Supplies,Hillsboro,Oregon,United States
163,Warehouse,Sports Merchandise,Klamath Falls,Oregon,United States
55,Value Added Reseller,Kickstands and Accessories Company,Medford,Oregon,United States
451,Warehouse,Roadway Bike Emporium,Medford,Oregon,United States
182,Value Added Reseller,Another Bicycle Company,Milwaukie,Oregon,United States
56,Specialty Bike Shop,Latest Accessories Sales,Portland,Oregon,United States
74,Specialty Bike Shop,Parcel Express Delivery Service,Portland,Oregon,United States
379,Value Added Reseller,Fad Outlet,Portland,Oregon,United States
487,Warehouse,Bike Experts,Salem,Oregon,United States
644,Warehouse,Convenient Sales and Service,Springfield,Oregon,United States
692,Specialty Bike Shop,Successful Sales Company,Tigard,Oregon,United States
164,Value Added Reseller,Suburban Cycle Shop,Troutdale,Oregon,United States
162,Specialty Bike Shop,Tire Company,Warwick,Rhode Island,United States
35,Specialty Bike Shop,Economic Parts Supply,West Kingston,Rhode Island,United States
521,Value Added Reseller,Mobile Outlet,Woonsocket,Rhode Island,United States
548,Warehouse,New Bikes Company,Bluffton,South Carolina,United States
422,Specialty Bike Shop,Consolidated Sales,Gaffney,South Carolina,United States
386,Specialty Bike Shop,Touring Services,Myrtle Beach,South Carolina,United States
454,Warehouse,Sleek Bikes,Denby,South Dakota,United States
22,Value Added Reseller,Travel Systems,North Sioux City,South Dakota,United States
404,Specialty Bike Shop,Activity Center,Crossville,Tennessee,United States
333,Warehouse,Resident Cycle Shop,Hixson,Tennessee,United States
405,Warehouse,Sporting Goods and Bicycle Shop,Kingsport,Tennessee,United States
45,Warehouse,Every Bike Shop,La Vergne,Tennessee,United States
602,Warehouse,Ultimate Bike Shop,Maryville,Tennessee,United States
135,Specialty Bike Shop,Wonderful Bikes Inc.,Memphis,Tennessee,United States
170,Value Added Reseller,Excellent Riding Supplies,Memphis,Tennessee,United States
279,Value Added Reseller,Reliable Brake Systems,Memphis,Tennessee,United States
585,Value Added Reseller,Next-Door Bike Store,Memphis,Tennessee,United States
134,Value Added Reseller,Budget Bike Company,Millington,Tennessee,United States
27,Warehouse,Sports Sales and Rental,Millington,Tennessee,United States
9,Warehouse,Tandem Bicycle Store,Millington,Tennessee,United States
62,Specialty Bike Shop,Manufacturers Inc,Nashville,Tennessee,United States
512,Value Added Reseller,Tiny Bike Boutique,Nashville,Tennessee,United States
350,Specialty Bike Shop,Mountain Emporium,Nashville,Tennessee,United States
567,Value Added Reseller,Global Plaza,Pigeon Forge,Tennessee,United States
647,Warehouse,Solid Bike Parts,Arlington,Texas,United States
4,Value Added Reseller,Modular Cycle Systems,Austin,Texas,United States
291,Value Added Reseller,Grand Bicycle Stores,Baytown,Texas,United States
184,Warehouse,Go-cart and Bike Specialists,Carrollton,Texas,United States
489,Specialty Bike Shop,Cash & Carry Bikes,Cedar Park,Texas,United States
436,Value Added Reseller,Sheet Metal Manufacturing,College Station,Texas,United States
435,Warehouse,Satin Finish Company,Corpus Christi,Texas,United States
201,Specialty Bike Shop,Unsurpassed Bikes,Dallas,Texas,United States
165,Specialty Bike Shop,Third Bike Store,Dallas,Texas,United States
256,Specialty Bike Shop,Rental Bikes,Dallas,Texas,United States
130,Warehouse,Elite Bikes,Dallas,Texas,United States
112,Warehouse,Town Industries,Dallas,Texas,United States
94,Value Added Reseller,Specialty Sports Store,Fort Worth,Texas,United States
75,Warehouse,Paint Supply,Garland,Texas,United States
166,Warehouse,Fitness Toy Store,Garland,Texas,United States
508,Warehouse,Designer Department Stores,Hillsboro,Texas,United States
292,Specialty Bike Shop,Grease and Oil Products Company,Houston,Texas,United States
309,Value Added Reseller,The Gear Store,Houston,Texas,United States
255,Value Added Reseller,Swift Cycles,Houston,Texas,United States
597,Value Added Reseller,All Seasons Sports Supply,Houston,Texas,United States
345,Warehouse,Genial Bike Associates,Humble,Texas,United States
3,Warehouse,Advanced Bike Components,Irving,Texas,United States
21,Warehouse,Chic Department Stores,Irving,Texas,United States
399,Warehouse,Big Cycle Mall,Killeen,Texas,United States
607,Specialty Bike Shop,Maintenance and Repair for Bicycles,La Marque,Texas,United States
40,Value Added Reseller,Journey Sporting Goods,Laredo,Texas,United States
490,Warehouse,Extraordinary Bike Works,Mesquite,Texas,United States
202,Warehouse,Two-Seater Bikes,Plano,Texas,United States
273,Value Added Reseller,A Typical Bike Shop,Round Rock,Texas,United States
93,Warehouse,Stationary Bikes and Stands,Round Rock,Texas,United States
471,Specialty Bike Shop,Social Activities Club,San Antonio,Texas,United States
580,Specialty Bike Shop,Rural Sales and Service,San Antonio,Texas,United States
382,Value Added Reseller,Beneficial Exercises and Activities,San Antonio,Texas,United States
417,Warehouse,Genuine Bike Shop,San Antonio,Texas,United States
328,Value Added Reseller,Totes & Baskets Company,San Antonio,Texas,United States
671,Specialty Bike Shop,"Contoso, Ltd.",San Antonio,Texas,United States
507,Specialty Bike Shop,Global Sporting Goods,Stafford,Texas,United States
561,Value Added Reseller,Mountain Toy Store,Sugar Land,Texas,United States
673,Value Added Reseller,Countryside Company,Bountiful,Utah,United States
698,Specialty Bike Shop,Western Bike Supplies,Cedar City,Utah,United States
672,Warehouse,Utilitarian Sporting Goods,Ogden,Utah,United States
293,Warehouse,Fashionable Bikes and Accessories,Park City,Utah,United States
696,Warehouse,Roadway Supplies,Riverton,Utah,United States
43,Value Added Reseller,Frugal Bike Shop,Salt Lake City,Utah,United States
7,Value Added Reseller,Associated Bikes,Salt Lake City,Utah,United States
601,Specialty Bike Shop,Transport Bikes,Sandy,Utah,United States
697,Value Added Reseller,Brakes and Gears,Tooele,Utah,United States
90,Warehouse,Sales and Supply Company,Chantilly,Virginia,United States
467,Value Added Reseller,The Cycle Store,Falls Church,Virginia,United States
485,Value Added Reseller,Clamps & Brackets Co.,Leesburg,Virginia,United States
17,Specialty Bike Shop,Trusted Catalog Store,Newport News,Virginia,United States
449,Value Added Reseller,Bike Products and Accessories,Virginia Beach,Virginia,United States
254,Warehouse,Safe Cycles Shop,Bellevue,Washington,United States
290,Warehouse,Friendly Bike Shop,Bellingham,Washington,United States
621,Value Added Reseller,Running and Cycling Gear,Bellingham,Washington,United States
325,Specialty Bike Shop,All Cycle Shop,Bothell,Washington,United States
19,Value Added Reseller,Center Cycle Shop,Bothell,Washington,United States
469,Warehouse,Vast Bike Sales and Rental,Chehalis,Washington,United States
343,Value Added Reseller,Mail-Order Outlet,Ellensburg,Washington,United States
344,Specialty Bike Shop,Fifth Bike Store,Everett,Washington,United States
308,Warehouse,Rugged Bikes,Everett,Washington,United States
596,Warehouse,Coho Sports,Everett,Washington,United States
669,Warehouse,Racing Bike Outlet,Federal Way,Washington,United States
109,Value Added Reseller,Travel Sports,Issaquah,Washington,United States
505,Warehouse,Honest Repair Service,Kelso,Washington,United States
668,Specialty Bike Shop,Official Parts Shop,Kelso,Washington,United States
470,Value Added Reseller,Wingtip Toys,Kennewick,Washington,United States
326,Warehouse,Year-Round Sports,Kent,Washington,United States
20,Specialty Bike Shop,Central Discount Store,Kent,Washington,United States
542,Value Added Reseller,Finer Parts Shop,Kirkland,Washington,United States
433,Value Added Reseller,Thorough Parts and Repair Services,Lacey,Washington,United States
218,Value Added Reseller,Sure & Reliable Sporting Goods,Longview,Washington,United States
235,Specialty Bike Shop,Certified Bicycle Supply,Lynnwood,Washington,United States
73,Value Added Reseller,Outdoor Sports Supply,North Bend,Washington,United States
200,Value Added Reseller,Basic Bike Company,Port Orchard,Washington,United States
253,Specialty Bike Shop,Roving Sports,Puyallup,Washington,United States
37,Value Added Reseller,Two Bike Shops,Puyallup,Washington,United States
307,Specialty Bike Shop,Riding Associates,Puyallup,Washington,United States
578,Warehouse,The Bike Shop,Puyallup,Washington,United States
127,Warehouse,Front Sporting Goods,Redmond,Washington,United States
145,Warehouse,Raw Materials Inc,Redmond,Washington,United States
2,Specialty Bike Shop,Progressive Sports,Renton,Washington,United States
289,Specialty Bike Shop,Moderately-Priced Bikes Store,Renton,Washington,United States
199,Warehouse,Authorized Bike Sales and Rental,Renton,Washington,United States
236,Warehouse,Closeout Boutique,Seattle,Washington,United States
1,Value Added Reseller,A Bike Store,Seattle,Washington,United States
146,Value Added Reseller,Latest Sports Equipment,Seattle,Washington,United States
397,Value Added Reseller,Capable Sales and Service,Seattle,Washington,United States
361,Value Added Reseller,Fitness Supplies,Sequim,Washington,United States
217,Warehouse,City Manufacturing,Shelton,Washington,United States
362,Specialty Bike Shop,Grand Cycle Store,Spokane,Washington,United States
415,Value Added Reseller,Imaginary Toys,Spokane,Washington,United States
605,Warehouse,Outstanding Cycles,Spokane,Washington,United States
577,Specialty Bike Shop,Synthetic Materials Manufacturing,Tacoma,Washington,United States
272,Warehouse,Metro Cycle Shop,Tacoma,Washington,United States
416,Specialty Bike Shop,Impromptu Trips,Union Gap,Washington,United States
271,Specialty Bike Shop,Alternative Vehicles,Washougal,Washington,United States
128,Value Added Reseller,Demand Distributors,Wenatchee,Washington,United States
92,Specialty Bike Shop,Sports Commodities,Woodinville,Washington,United States
543,Specialty Bike Shop,Friendly Neighborhood Bikes,Johnson Creek,Wisconsin,United States
453,Specialty Bike Shop,Unique Bikes,Milwaukee,Wisconsin,United States
606,Value Added Reseller,Little Bicycle Supply Shop,Mosinee,Wisconsin,United States
418,Value Added Reseller,Good Bike Shop,Racine,Wisconsin,United States
506,Value Added Reseller,Great Bikes,Casper,Wyoming,United States
559,Specialty Bike Shop,Some Discount Store,Cheyenne,Wyoming,United States
380,Specialty Bike Shop,First Department Stores,Cheyenne,Wyoming,United States
620,Warehouse,Tires and Tubes,Cheyenne,Wyoming,United States
560,Warehouse,Major Sport Suppliers,Rock Springs,Wyoming,United States
105,Warehouse,Volume Bike Sellers,Alexandria,New South Wales,Australia
658,Value Added Reseller,Mass Market Bikes,Alexandria,New South Wales,Australia
555,Value Added Reseller,Twin Cycles,Darlinghurst,New South Wales,Australia
87,Warehouse,Rich Department Store,Lane Cove,New South Wales,Australia
141,Specialty Bike Shop,Rental Gallery,Lavender Bay,New South Wales,Australia
15,Warehouse,Budget Toy Store,Lavender Bay,New South Wales,Australia
33,Warehouse,Global Sports Outlet,Lavender Bay,New South Wales,Australia
69,Warehouse,Online Bike Catalog,Lavender Bay,New South Wales,Australia
231,Value Added Reseller,Helmets and Cycles,Lavender Bay,New South Wales,Australia
501,Specialty Bike Shop,Jumbo Bikes,Malabar,New South Wales,Australia
321,Value Added Reseller,Second Bike Shop,Matraville,New South Wales,Australia
339,Warehouse,Major Bicycle Store,Matraville,New South Wales,Australia
616,Specialty Bike Shop,Eastward Bike Accessories,Matraville,New South Wales,Australia
393,Warehouse,Gears and Parts Company,Milsons Point,New South Wales,Australia
682,Value Added Reseller,Popular Bike Lines,Newcastle,New South Wales,Australia
285,Value Added Reseller,Nearest Bike Store,North Ryde,New South Wales,Australia
159,Specialty Bike Shop,Uncompromising Quality Co,North Ryde,New South Wales,Australia
123,Specialty Bike Shop,First Supplies,North Ryde,New South Wales,Australia
195,Specialty Bike Shop,Inexpensive Parts Shop,North Sydney,New South Wales,Australia
411,Warehouse,Kids and Adults Cycle Shop,North Sydney,New South Wales,Australia
303,Value Added Reseller,Seaside Bike Works,North Sydney,New South Wales,Australia
483,Specialty Bike Shop,Fitness Bike Accessories,Rhodes,New South Wales,Australia
573,Value Added Reseller,Nationwide Supply,Rhodes,New South Wales,Australia
537,Specialty Bike Shop,Preferable Bikes,Rhodes,New South Wales,Australia
634,Specialty Bike Shop,Sensible Sports,Rhodes,New South Wales,Australia
429,Warehouse,Unusual Bicycle Company,Silverwater,New South Wales,Australia
447,Specialty Bike Shop,Cross-town Parts Shop,Springwood,New South Wales,Australia
465,Specialty Bike Shop,Expert Cycle Store,St. Leonards,New South Wales,Australia
688,Value Added Reseller,Bike Part Wholesalers,Sydney,New South Wales,Australia
375,Warehouse,Region Bike Company,East Brisbane,Queensland,Australia
177,Specialty Bike Shop,Plastic Products Manufacturers,Hawthorne,Queensland,Australia
51,Warehouse,Ideal Components,Cloverdale,South Australia,Australia
357,Warehouse,Quality Bike Sales,Findon,South Australia,Australia
640,Specialty Bike Shop,Liquidation Sales,Perth,South Australia,Australia
591,Value Added Reseller,Fitness Discount Store,Melbourne,Victoria,Australia
664,Value Added Reseller,Eastside Cycle Shop,Melbourne,Victoria,Australia
519,Specialty Bike Shop,List Price Catalog Company,Melbourne,Victoria,Australia
267,Value Added Reseller,Cycle Parts and Accessories,Melbourne,Victoria,Australia
249,Value Added Reseller,Helpful Sales and Repair Service,Seaford,Victoria,Australia
213,Specialty Bike Shop,Fast Bike Works,South Melbourne,Victoria,Australia
190,Warehouse,Racing Partners,Calgary,Alberta,Canada
262,Specialty Bike Shop,General Industries,Calgary,Alberta,Canada
46,Value Added Reseller,Gear-Shift Bikes Limited,Calgary,Alberta,Canada
136,Warehouse,Wholesale Parts,Calgary,Alberta,Canada
137,Value Added Reseller,Transportation Options,Calgary,Alberta,Canada
444,Specialty Bike Shop,Finer Cycle Shop,Calgary,Alberta,Canada
354,Warehouse,Serious Cycles,Calgary,Alberta,Canada
370,Value Added Reseller,Acceptable Sales & Service,Calgary,Alberta,Canada
661,Value Added Reseller,General Department Stores,Calgary,Alberta,Canada
701,Warehouse,Future Bikes,Calgary,Alberta,Canada
629,Warehouse,Efficient Cycling,Calgary,Alberta,Canada
352,Value Added Reseller,Twelfth Bike Store,Edmonton,Alberta,Canada
496,Warehouse,Top Sports Supply,Edmonton,Alberta,Canada
10,Value Added Reseller,Rural Cycle Emporium,Burnaby,British Columbia,Canada
317,Warehouse,Finer Riding Supplies,Burnaby,British Columbia,Canada
263,Warehouse,Farthest Bike Store,Burnaby,British Columbia,Canada
588,Value Added Reseller,General Cycle Storehouse,Burnaby,British Columbia,Canada
66,Warehouse,Neighborhood Store,Burnaby,British Columbia,Canada
172,Warehouse,Certified Sports Supply,Richmond,British Columbia,Canada
408,Warehouse,Odometers and Accessories Company,Richmond,British Columbia,Canada
497,Value Added Reseller,Valley Toy Store,Richmond,British Columbia,Canada
478,Warehouse,Major Cycling,Richmond,British Columbia,Canada
462,Specialty Bike Shop,General Riding Supplies,Richmond,British Columbia,Canada
514,Warehouse,Retail Mall,Richmond,British Columbia,Canada
371,Specialty Bike Shop,Custom Sales and Service,Surrey,British Columbia,Canada
389,Specialty Bike Shop,Sixth Bike Store,Surrey,British Columbia,Canada
174,Specialty Bike Shop,Toy Manufacturing Inc,Surrey,British Columbia,Canada
173,Value Added Reseller,Sundry Sporting Goods,Vancouver,British Columbia,Canada
154,Warehouse,Camping and Sports Store,Vancouver,British Columbia,Canada
138,Specialty Bike Shop,South Bike Company,Vancouver,British Columbia,Canada
82,Value Added Reseller,Refined Department Stores,Vancouver,British Columbia,Canada
388,Value Added Reseller,Road Way Sales and Rental,Vancouver,British Columbia,Canada
318,Value Added Reseller,First-Rate Outlet,Victoria,British Columbia,Canada
298,Specialty Bike Shop,City Cycling,Winnipeg,Manitoba,Canada
353,Specialty Bike Shop,Two-Wheeled Transit Company,Winnipeg,Manitoba,Canada
299,Warehouse,Citywide Service and Repair,Saint John,Brunswick,Canada
654,Value Added Reseller,Online Bike Warehouse,Aurora,Ontario,Canada
280,Specialty Bike Shop,Standard Bikes,Barrie,Ontario,Canada
426,Warehouse,Custom Accessories Company,Brampton,Ontario,Canada
29,Specialty Bike Shop,Cross-Country Riding Supplies,Chalk Riber,Ontario,Canada
84,Warehouse,Rewarding Activities Company,Etobicoke,Ontario,Canada
425,Specialty Bike Shop,Bikes for Kids and Adults,Etobicoke,Ontario,Canada
532,Warehouse,The Showroom,Kanata,Ontario,Canada
516,Specialty Bike Shop,Seats and Saddles Company,Kingston,Ontario,Canada
372,Warehouse,Top Bike Market,Kingston,Ontario,Canada
100,Value Added Reseller,Up-To-Date Sports,Markham,Ontario,Canada
335,Specialty Bike Shop,Scratch-Resistant Finishes Company,Mississauga,Ontario,Canada
316,Specialty Bike Shop,Low Price Cycles,Mississauga,Ontario,Canada
534,Specialty Bike Shop,Recommended Bicycles,Mississauga,Ontario,Canada
461,Value Added Reseller,Active Life Toys,Mississauga,Ontario,Canada
480,Specialty Bike Shop,General Bike Corporation,Mississauga,Ontario,Canada
498,Specialty Bike Shop,Quick Delivery Service,Mississauga,Ontario,Canada
569,Warehouse,Designated Distributors,Nepean,Ontario,Canada
515,Value Added Reseller,Rural Bicycle Supply,North York,Ontario,Canada
228,Value Added Reseller,Home Town Bike Store,Ottawa,Ontario,Canada
83,Specialty Bike Shop,Requisite Part Supply,Ottawa,Ontario,Canada
526,Warehouse,Finer Sales and Service,Ottawa,Ontario,Canada
677,Specialty Bike Shop,Tire Exchange,Ottawa,Ontario,Canada
587,Warehouse,Our Sporting Goods Store,Ottawa,Ontario,Canada
300,Value Added Reseller,Nice Bikes,Ottawa,Ontario,Canada
424,Value Added Reseller,Bikes for Two,Richmond Hill,Ontario,Canada
443,Value Added Reseller,Courteous Bicycle Specialists,Richmond Hill,Ontario,Canada
209,Value Added Reseller,Purple Bicycle Company,Scarborough,Ontario,Canada
653,Warehouse,Mercantile Outlet,Toronto,Ontario,Canada
630,Value Added Reseller,Eastside Parts Shop,Toronto,Ontario,Canada
631,Specialty Bike Shop,Tandem Sales and Service,Toronto,Ontario,Canada
637,Specialty Bike Shop,Reliable Retail Center,Toronto,Ontario,Canada
678,Warehouse,Vigorous Exercise Company,Toronto,Ontario,Canada
210,Specialty Bike Shop,Gasless Cycle Shop,Toronto,Ontario,Canada
227,Warehouse,"Health Spa, Limited",Toronto,Ontario,Canada
264,Value Added Reseller,Fasteners & Bolts Outlet,Toronto,Ontario,Canada
442,Warehouse,Original Bicycle Supply Company,Toronto,Ontario,Canada
568,Specialty Bike Shop,Economy Center,Toronto,Ontario,Canada
551,Warehouse,Vinyl and Plastic Goods Corporation,Toronto,Ontario,Canada
552,Value Added Reseller,Consolidated Messenger,Toronto,Ontario,Canada
28,Value Added Reseller,Commuter Bicycle Store,Toronto,Ontario,Canada
64,Value Added Reseller,Metal Clearing House,Toronto,Ontario,Canada
47,Specialty Bike Shop,Greater Bike Store,Toronto,Ontario,Canada
11,Specialty Bike Shop,Sharp Bikes,Toronto,Ontario,Canada
12,Warehouse,Bikes and Motorbikes,Toronto,Ontario,Canada
101,Specialty Bike Shop,Urban Sports Emporium,Toronto,Ontario,Canada
102,Warehouse,National Manufacturing,Toronto,Ontario,Canada
118,Warehouse,Rapid Bikes,Toronto,Ontario,Canada
208,Warehouse,Professional Cyclists,Toronto,Ontario,Canada
191,Value Added Reseller,Non-Slip Pedal Company,Toronto,Ontario,Canada
192,Specialty Bike Shop,Nuts and Bolts Mfg.,Toronto,Ontario,Canada
155,Value Added Reseller,Corner Bicycle Supply,Toronto,Ontario,Canada
613,Specialty Bike Shop,Famous Bike Shop,Vancouver,Ontario,Canada
390,Warehouse,Plastic Parts Company,Waterloo,Ontario,Canada
334,Value Added Reseller,Retreat Inn,Waterloo,Ontario,Canada
65,Specialty Bike Shop,Metro Manufacturing,Weston,Ontario,Canada
460,Warehouse,Price-Cutter Discount Bikes,Brossard,Quebec,Canada
245,Warehouse,Leather Seat Factory,Brossard,Quebec,Canada
655,Value Added Reseller,Operational Manufacturing,Dorval,Quebec,Canada
226,Specialty Bike Shop,Leisure Activities,Hull,Quebec,Canada
679,Value Added Reseller,Superb Sales and Repair,Montreal,Quebec,Canada
120,Specialty Bike Shop,Machines & Cycles Store,Montreal,Quebec,Canada
570,Value Added Reseller,Family's Favorite Bike Shop,Montreal,Quebec,Canada
407,Specialty Bike Shop,Workout Emporium,Montreal,Quebec,Canada
48,Warehouse,Grand Industries,Montreal,Quebec,Canada
246,Value Added Reseller,Large Bike Shop,Montreal,Quebec,Canada
281,Warehouse,Petroleum Products Distributors,Montreal,Quebec,Canada
156,Specialty Bike Shop,Metal Processing Company,Montreal,Quebec,Canada
586,Specialty Bike Shop,One Bike Company,Montreal,Quebec,Canada
685,Value Added Reseller,Family Cycle Store,Montreal,Quebec,Canada
244,Specialty Bike Shop,Retail Discount Store,Montreal,Quebec,Canada
336,Warehouse,Primary Bike Distributors,Montreal,Quebec,Canada
406,Value Added Reseller,The Commissary,Outremont,Quebec,Canada
119,Value Added Reseller,Red Bicycle Company,Pnot-Rouge,Quebec,Canada
30,Warehouse,Cycle Merchants,Quebec,Quebec,Canada
550,Specialty Bike Shop,Remote Bicycle Specialists,Quebec,Quebec,Canada
282,Value Added Reseller,Quick Parts and Service,Sainte-Foy,Quebec,Canada
533,Value Added Reseller,Tenth Bike Store,Sillery,Quebec,Canada
479,Value Added Reseller,General Supplies,Ville De'anjou,Quebec,Canada
50,Specialty Bike Shop,Hometown Riding Supplies,Berlin,Brandenburg,Germany
482,Value Added Reseller,"Fabrikam Inc., East",Eilenburg,Brandenburg,Germany
633,Value Added Reseller,Rustic Bike Store,Augsburg,Bayern,Germany
639,Value Added Reseller,Producer Goods Clearinghouse,Frankfurt,Bayern,Germany
266,Warehouse,Excellent Bikes,Grevenbroich,Bayern,Germany
230,Warehouse,Global Bike Retailers,Bad Soden,Hessen,Germany
122,Value Added Reseller,Off-Price Bike Center,Berlin,Hessen,Germany
518,Value Added Reseller,Regional Cycle Shop,Berlin,Hessen,Germany
500,Value Added Reseller,Irregulars Outlet,Dresden,Hessen,Germany
104,Specialty Bike Shop,Very Best Sports Supply,Duesseldorf,Hessen,Germany
356,Specialty Bike Shop,Speedometer Sales,Hamburg,Hessen,Germany
212,Value Added Reseller,Enterprise Center,M√ºnchen,Hessen,Germany
374,Specialty Bike Shop,Major Equipment Co,Salzgitter,Hessen,Germany
657,Warehouse,Links Works,Ascheim,Hamburg,Germany
663,Warehouse,Capital Riding Supplies,Augsburg,Hamburg,Germany
446,Value Added Reseller,Fitness Toys,Berlin,Hamburg,Germany
140,Value Added Reseller,Teen Discount Store,Bonn,Hamburg,Germany
86,Specialty Bike Shop,Bicycle Exporters,Essen,Hamburg,Germany
320,Warehouse,Amalgamated Parts Shop,Frankfurt am Main,Hamburg,Germany
392,Specialty Bike Shop,Primary Cycle Shop,Hamburg,Hamburg,Germany
68,Specialty Bike Shop,North Bike Company,Muehlheim,Hamburg,Germany
194,Value Added Reseller,Mechanical Brake Manufacturers,M√ºnchen,Hamburg,Germany
554,Warehouse,Top of the Line Bikes,Paderborn,Hamburg,Germany
284,Warehouse,Nearby Bike Mall,Berlin,Nordrhein-Westfalen,Germany
158,Value Added Reseller,Rural Sporting Goods,Bonn,Nordrhein-Westfalen,Germany
572,Warehouse,Versatile Sporting Goods Company,Braunschweig,Nordrhein-Westfalen,Germany
428,Specialty Bike Shop,West Wind Distributors,Hannover,Nordrhein-Westfalen,Germany
615,Value Added Reseller,Fast Services,Leipzig,Nordrhein-Westfalen,Germany
687,Warehouse,Functional Store South,M√ºnchen,Nordrhein-Westfalen,Germany
536,Value Added Reseller,Next Door Cycles,Berlin,Saarland,Germany
14,Specialty Bike Shop,Bicycle Warehouse Inc.,Frankfurt am Main,Saarland,Germany
410,Specialty Bike Shop,Pedaling Components,Kiel,Saarland,Germany
176,Value Added Reseller,Rodeway Bike Store,M√ºnster,Saarland,Germany
302,Warehouse,Best Cycle Store,Offenbach,Saarland,Germany
590,Warehouse,Lustrous Paints and Components,Poing,Saarland,Germany
464,Value Added Reseller,Educational Services,Saarbr√ºcken,Saarland,Germany
338,Specialty Bike Shop,Rambling Tours,Stuttgart,Saarland,Germany
32,Specialty Bike Shop,Precision Gears Inc.,Stuttgart,Saarland,Germany
248,Warehouse,Good Bicycle Store,Sulzbach Taunus,Saarland,Germany
681,Warehouse,Showcase for Cycles,Sulzbach Taunus,Saarland,Germany
193,Warehouse,Perfect Toys,Colomiers,Garonne (Haute),France
409,Value Added Reseller,Outdoor Toy Store,Aujan Mournede,Gers,France
481,Warehouse,Getaway Inn,Saint Ouen,Loir et Cher,France
121,Warehouse,Metro Sports Equipment,Saint Ouen,Loir et Cher,France
175,Warehouse,Registered Cycle Store,Orleans,Loiret,France
499,Warehouse,Racing Sales and Service,Orleans,Loiret,France
662,Specialty Bike Shop,Finer Sporting Goods,Croix,Nord,France
49,Value Added Reseller,Neighborhood Bicycle Storehouse,Roncq,Nord,France
571,Specialty Bike Shop,Community Department Stores,Boulogne-sur-Mer,Pas de Calais,France
355,Value Added Reseller,Spare Parts Co.,Paris,Seine (Paris),France
391,Value Added Reseller,Pretty Bikes and Toys,Paris,Seine (Paris),France
656,Specialty Bike Shop,Impervious Paint Company,Paris,Seine (Paris),France
553,Specialty Bike Shop,Accessories Network,Paris,Seine (Paris),France
589,Specialty Bike Shop,Hiatus Bike Tours,Paris,Seine (Paris),France
427,Value Added Reseller,Atypical Bike Company,Paris,Seine (Paris),France
638,Warehouse,Metropolitan Equipment,Paris,Seine (Paris),France
31,Value Added Reseller,Wheels Inc.,Paris,Seine (Paris),France
265,Specialty Bike Shop,Full Sports Supply,Paris,Seine (Paris),France
614,Warehouse,Favorite Toy Distributor,Paris,Seine (Paris),France
157,Warehouse,Ace Bicycle Supply,Paris,Seine (Paris),France
301,Specialty Bike Shop,Rural Mountain Bike Mart,Paris,Seine (Paris),France
211,Warehouse,Sports Products Store,Lieusaint,Seine et Marne,France
283,Specialty Bike Shop,Racing Supply Distributors,Roissy en Brie,Seine et Marne,France
13,Value Added Reseller,Country Parts Shop,Les Ulis,Essonne,France
373,Value Added Reseller,Township Inn,Les Ulis,Essonne,France
517,Warehouse,Racing Store,Les Ulis,Essonne,France
463,Warehouse,Brand New Bikes,Les Ulis,Essonne,France
632,Warehouse,Ultimate Bicycle Company,Morangis,Essonne,France
67,Value Added Reseller,Self-Contained Cycle Parts Company,Verrieres Le Buisson,Essonne,France
139,Warehouse,Steel Inc.,Colombes,Hauts de Seine,France
229,Specialty Bike Shop,Instant Cycle Store,Colombes,Hauts de Seine,France
85,Value Added Reseller,Roadway Bicycle Supply,Courbevoie,Hauts de Seine,France
337,Value Added Reseller,Recreation Toy Store,Paris La Defense,Hauts de Seine,France
680,Specialty Bike Shop,Racing Tours,S√®vres,Hauts de Seine,France
686,Specialty Bike Shop,Finished Parts Shop,Suresnes,Hauts de Seine,France
319,Specialty Bike Shop,Cycles Sales and Repair,Bobigny,Seine Saint Denis,France
445,Warehouse,First Center,Pantin,Seine Saint Denis,France
103,Value Added Reseller,The Bike Outlet,Pantin,Seine Saint Denis,France
247,Specialty Bike Shop,Major Amusement Company,Orly,Val de Marne,France
535,Warehouse,Spa and Exercise Outfitters,Cergy,Val d'Oise,France
304,Specialty Bike Shop,Essential Bike Works,Abingdon,England,United Kingdom
232,Specialty Bike Shop,Exceptional Cycle Services,Basingstoke Hants,England,United Kingdom
484,Warehouse,Downhill Bicycle Specialists,Berks,England,United Kingdom
376,Value Added Reseller,Commerce Bicycle Specialists,Berkshire,England,United Kingdom
412,Value Added Reseller,Leisure Clearing House,Birmingham,England,United Kingdom
430,Value Added Reseller,Uttermost Bike Shop,Bracknell,England,United Kingdom
635,Warehouse,Sports Store,Cambridge,England,United Kingdom
52,Value Added Reseller,Instruments and Parts Company,Gloucestershire,England,United Kingdom
268,Specialty Bike Shop,Channel Outlet,High Wycombe,England,United Kingdom
214,Warehouse,Exclusive Bicycle Mart,Lancaster,England,United Kingdom
70,Value Added Reseller,Outdoor Aerobic Systems Company,London,England,United Kingdom
538,Warehouse,Prosperous Tours,London,England,United Kingdom
574,Specialty Bike Shop,Area Sheet Metal Supply,London,England,United Kingdom
16,Value Added Reseller,Bulk Discount Store,London,England,United Kingdom
659,Specialty Bike Shop,Shipping Specialists,London,England,United Kingdom
689,Specialty Bike Shop,Consumer Equipment,London,England,United Kingdom
250,Specialty Bike Shop,Express Bike Services,London,England,United Kingdom
592,Specialty Bike Shop,Cycling Goods,London,England,United Kingdom
641,Warehouse,Extended Tours,London,England,United Kingdom
520,Warehouse,Metro Metals Co.,London,England,United Kingdom
502,Warehouse,Metropolitan Bicycle Supply,London,England,United Kingdom
665,Specialty Bike Shop,Authentic Sales and Service,London,England,United Kingdom
556,Specialty Bike Shop,Variety Cycling,London,England,United Kingdom
683,Specialty Bike Shop,Oils and Fluids Warehouse,London,England,United Kingdom
466,Warehouse,Central Bicycle Specialists,Maidenhead,England,United Kingdom
322,Specialty Bike Shop,Tachometers and Accessories,Milton Keynes,England,United Kingdom
196,Warehouse,Exhibition Showroom,Milton Keynes,England,United Kingdom
88,Value Added Reseller,Closest Bicycle Store,Milton Keynes,England,United Kingdom
617,Warehouse,Tubeless Tire Company,Oxford,England,United Kingdom
160,Warehouse,Vigorous Sports Store,Oxon,England,United Kingdom
286,Specialty Bike Shop,Number One Bike Co.,Reading,England,United Kingdom
142,Warehouse,Riding Cycles,Liverpool,England,United Kingdom
124,Warehouse,Nearby Sporting Goods,W. York,England,United Kingdom
178,Warehouse,Rampart Amusement Company,W. York,England,United Kingdom
34,Value Added Reseller,Cycles Wholesaler & Mfg.,Warrington,England,United Kingdom
340,Value Added Reseller,Nearby Cycle Shop,West Sussex,England,United Kingdom
106,Value Added Reseller,West Side Mart,Wokingham,England,United Kingdom
448,Warehouse,Action Bicycle Specialists,Woolston,England,United Kingdom
358,Value Added Reseller,Mail Market,York,England,United Kingdom
394,Value Added Reseller,Little Sports Center,York,England,United Kingdom