launch_id,mission_name,location_id,vehicle_id,launch_date_actual,launch_date_planned,launch_time_utc,payload_mass_kg,payload_type,customer,orbit_type,launch_success,landing_attempted,landing_success,booster_reused,fairings_recovered,mission_duration_days,launch_delay_days,cost_million,crew_count,rapid_reusability_score,improvement_opportunity_flag
1,FalconSat,4,1,20060324,20051013,22:30:00,20,Satellite,DARPA,LEO,False,False,False,False,False,0,162,7,0,0,1
2,DemoSat,4,1,20070321,20060725,01:10:00,0,Test,SpaceX,LEO,False,False,False,False,False,0,239,7,0,0,1
3,Trailblazer,4,1,20080803,20080304,03:34:00,0,Test,NASA,LEO,False,False,False,False,False,0,152,7,0,0,1
4,RatSat,4,1,20080928,20080716,23:15:00,165,Satellite,SpaceX,LEO,True,False,False,False,False,0,74,7,0,10,0
5,RazakSAT,4,1,20090714,20090129,03:35:00,200,Satellite,ATSB,LEO,True,False,False,False,False,0,166,7,0,10,0
6,Dragon Demo 1,1,2,20100604,20100311,18:45:00,0,Test,SpaceX,LEO,True,False,False,False,False,0,85,50,0,10,0
7,COTS Demo 1,1,2,20101208,20100925,15:43:00,3000,Dragon 1,NASA,LEO,True,False,False,False,False,14,74,50,0,10,0
8,COTS Demo 2,1,2,20120522,20120418,07:44:00,4700,Dragon 1,NASA,ISS,True,False,False,False,False,9,34,50,0,10,0
9,CRS-1,1,2,20121008,20120825,00:35:00,4700,Dragon 1,NASA,ISS,True,False,False,False,False,21,44,50,0,10,0
10,CRS-2,1,2,20130301,20130206,15:10:00,4877,Dragon 1,NASA,ISS,True,False,False,False,False,25,23,50,0,10,0
11,CASSIOPE,3,3,20130929,20130825,16:00:00,500,Satellite,MDA,PO,True,True,False,False,False,0,35,61,0,15,1
12,SES-8,1,3,20131203,20130928,22:41:00,3170,Satellite,SES,GTO,True,False,False,False,False,0,66,61,0,10,0
13,Thaicom 6,1,3,20140106,20131222,22:20:00,3325,Satellite,Thaicom,GTO,True,False,False,False,False,0,15,61,0,10,0
14,CRS-3,1,3,20140418,20140227,19:25:00,5000,Dragon 1,NASA,ISS,True,True,True,False,False,30,50,61,0,25,0
15,ORBCOMM OG2-M1,1,3,20140714,20140524,15:15:00,1316,Satellite,ORBCOMM,LEO,True,True,True,False,False,0,51,61,0,25,0
16,AsiaSat 8,1,3,20140805,20140721,08:00:00,4535,Satellite,AsiaSat,GTO,True,False,False,False,False,0,15,61,0,10,0
17,AsiaSat 6,1,3,20140907,20140622,05:00:00,4428,Satellite,AsiaSat,GTO,True,False,False,False,False,0,77,61,0,10,0
18,CRS-4,1,3,20140921,20140703,05:52:00,5000,Dragon 1,NASA,ISS,True,True,True,False,False,34,80,61,0,25,0
19,CRS-5,1,3,20150110,20141130,09:47:00,5200,Dragon 1,NASA,ISS,True,True,False,False,False,31,41,61,0,20,1
20,DSCOVR,1,3,20150211,20150103,23:03:00,570,Satellite,NOAA,L1,True,True,True,False,False,0,39,61,0,25,0
21,ABS-3A/Eutelsat 115,1,3,20150302,20150212,03:50:00,4159,Satellite,ABS/Eutelsat,GTO,True,False,False,False,False,0,18,61,0,10,0
22,CRS-6,1,3,20150414,20150126,20:10:00,5200,Dragon 1,NASA,ISS,True,True,False,False,False,38,78,61,0,20,1
23,TurkmenAlem52E,1,3,20150427,20150330,23:03:00,4700,Satellite,Turkmenistan,GTO,True,False,False,False,False,0,28,61,0,10,0
24,CRS-7,1,3,20150628,20150420,14:21:00,5200,Dragon 1,NASA,ISS,False,False,False,False,False,0,69,61,0,0,1
25,ORBCOMM OG2-M2,1,4,20151222,20151119,01:29:00,2034,Satellite,ORBCOMM,LEO,True,True,True,False,False,0,33,62,0,35,0
26,Jason 3,3,4,20160117,20151130,18:42:00,553,Satellite,NASA/NOAA,LEO,True,True,False,False,False,0,48,62,0,30,1
27,SES-9,1,4,20160304,20160130,23:35:00,5271,Satellite,SES,GTO,True,True,False,False,False,0,34,62,0,30,1
28,CRS-8,1,4,20160408,20160119,20:43:00,3136,Dragon 1,NASA,ISS,True,True,True,False,False,32,80,62,0,35,0
29,JCSAT-14,1,4,20160506,20160414,05:21:00,4696,Satellite,JSAT,GTO,True,True,True,False,False,0,22,62,0,35,0
30,Thaicom 8,1,4,20160527,20160506,21:39:00,3100,Satellite,Thaicom,GTO,True,True,True,False,False,0,21,62,0,35,0
31,ABS-2A/Eutelsat 117,1,4,20160615,20160423,14:29:00,3600,Satellite,ABS/Eutelsat,GTO,True,True,False,False,False,0,53,62,0,30,1
32,CRS-9,1,4,20160718,20160427,04:45:00,2257,Dragon 1,NASA,ISS,True,True,True,False,False,36,82,62,0,35,0
33,JCSAT-16,1,4,20160814,20160618,05:26:00,4600,Satellite,JSAT,GTO,True,True,True,False,False,0,57,62,0,35,0
34,AMOS-6,1,4,20160901,20160713,07:00:00,5500,Satellite,Spacecom,GTO,False,False,False,False,False,0,50,62,0,0,1
35,Iridium NEXT 1,3,4,20170114,20161117,17:54:00,9600,Satellite,Iridium,LEO,True,True,True,False,False,0,58,62,0,35,0
36,CRS-10,2,4,20170219,20161127,14:39:00,2490,Dragon 1,NASA,ISS,True,True,True,False,False,30,84,62,0,35,0
37,SES-10,2,4,20170330,20170321,22:27:00,5300,Satellite,SES,GTO,True,True,True,True,False,0,9,62,0,45,0
38,NROL-76,2,4,20170501,20170319,11:15:00,5300,Classified,NRO,LEO,True,True,True,False,False,0,43,62,0,35,0
39,Inmarsat-5 F4,2,4,20170515,20170319,23:21:00,6070,Satellite,Inmarsat,GTO,True,False,False,False,False,0,57,62,0,10,0
40,CRS-11,2,4,20170603,20170507,21:07:00,2708,Dragon 1,NASA,ISS,True,True,True,True,False,30,27,62,0,45,0
41,BulgariaSat-1,2,4,20170623,20170527,19:10:00,3669,Satellite,Bulgaria Sat,GTO,True,True,True,True,False,0,27,62,0,45,0
42,Iridium NEXT 2,3,4,20170625,20170610,20:25:00,9600,Satellite,Iridium,LEO,True,True,True,False,False,0,15,62,0,35,0
43,Intelsat 35e,2,4,20170705,20170521,23:35:00,6761,Satellite,Intelsat,GTO,True,False,False,False,False,0,45,62,0,10,0
44,CRS-12,2,4,20170814,20170707,16:31:00,3310,Dragon 1,NASA,ISS,True,True,True,True,False,34,38,62,0,45,0
45,FormoSat-5,3,4,20170824,20170814,18:51:00,475,Satellite,NSPO,SSO,True,True,True,True,False,0,10,62,0,45,0
46,Boeing X-37B OTV-5,2,4,20170907,20170807,14:00:00,4990,Spaceplane,USAF,LEO,True,True,True,False,False,780,31,62,0,35,0
47,Iridium NEXT 3,3,4,20171009,20170919,12:37:00,9600,Satellite,Iridium,LEO,True,True,True,False,False,0,20,62,0,35,0
48,SES-11/EchoStar 105,2,4,20171011,20170816,22:53:00,5200,Satellite,SES/EchoStar,GTO,True,True,True,True,False,0,56,62,0,45,0
49,KoreaSat-5A,2,4,20171030,20171015,19:34:00,3500,Satellite,KT Corp,GTO,True,True,True,False,False,0,15,62,0,35,0
50,CRS-13,1,4,20171215,20171003,15:36:00,2205,Dragon 1,NASA,ISS,True,True,True,True,False,27,73,62,0,45,0
51,Iridium NEXT 4,3,4,20171223,20171215,01:27:00,9600,Satellite,Iridium,LEO,True,True,True,True,False,0,8,62,0,45,0
52,GovSat-1/SES-16,1,5,20180131,20180105,21:25:00,4230,Satellite,GovSat,GTO,True,True,True,False,True,0,26,67,0,40,0
53,Falcon Heavy Test,2,6,20180206,20141108,20:45:00,1400,Tesla Roadster,SpaceX,HEO,True,True,True,False,True,0,1186,150,0,50,0
54,Paz/Starlink Demo,3,5,20180222,20171231,14:17:00,2150,Satellite,Hisdesat/SpaceX,SSO,True,False,False,False,True,0,53,67,0,25,0
55,Hispasat 30W-6,1,5,20180306,20180221,05:33:00,6092,Satellite,Hispasat,GTO,True,False,False,False,True,0,13,67,0,25,0
56,Iridium NEXT 5,3,5,20180330,20180208,14:14:00,9600,Satellite,Iridium,LEO,True,True,True,True,True,0,50,67,0,50,0
57,CRS-14,1,5,20180402,20180319,20:30:00,2647,Dragon 1,NASA,ISS,True,False,False,True,True,30,14,67,0,35,0
58,TESS,1,5,20180418,20180224,22:51:00,362,Satellite,NASA,HEO,True,True,True,False,True,0,53,67,0,40,0
59,Bangabandhu-1,2,5,20180511,20180331,20:14:00,3600,Satellite,Bangladesh,GTO,True,True,True,False,False,0,41,67,0,35,0
60,Iridium NEXT 6,3,5,20180522,20180502,19:47:00,6460,Satellite,Iridium,LEO,True,False,False,True,False,0,20,67,0,25,0
61,SES-12,1,5,20180604,20180512,04:45:00,5384,Satellite,SES,GTO,True,False,False,False,False,0,23,67,0,10,0
62,CRS-15,1,5,20180629,20180518,09:42:00,2697,Dragon 1,NASA,ISS,True,False,False,True,False,35,42,67,0,25,0
63,Telstar 19V,1,5,20180722,20180527,05:50:00,7075,Satellite,Telesat,GTO,True,True,True,False,True,0,56,67,0,40,0
64,Iridium NEXT 7,3,5,20180725,20180609,11:39:00,9600,Satellite,Iridium,LEO,True,True,True,True,True,0,46,67,0,50,0
65,Merah Putih,1,5,20180807,20180728,05:18:00,5800,Satellite,Telkom,GTO,True,True,True,True,False,0,10,67,0,45,0
66,Telstar 18V,1,5,20180910,20180902,04:45:00,7060,Satellite,Telesat,GTO,True,True,True,False,True,0,8,67,0,40,0
67,SAOCOM 1A,3,5,20181008,20180926,02:22:00,3000,Satellite,CONAE,SSO,True,True,True,True,True,0,12,67,0,50,0
68,Es'hail 2,2,5,20181115,20180928,20:46:00,3000,Satellite,Es'hailSat,GTO,True,True,True,True,True,0,48,67,0,50,0
69,SSO-A,3,5,20181203,20181123,18:34:00,4000,SmallSat,Spaceflight,SSO,True,True,True,True,True,0,10,67,0,50,0
70,CRS-16,1,5,20181205,20181031,18:16:00,2500,Dragon 1,NASA,ISS,True,True,False,True,False,40,35,67,0,35,1
71,GPS III-01,1,5,20181223,20181129,13:51:00,4400,Satellite,USAF,MEO,True,False,False,False,True,0,24,67,0,25,0
72,Iridium NEXT 8,3,5,20190111,20181210,15:31:00,9600,Satellite,Iridium,LEO,True,True,True,True,True,0,32,67,0,50,0
73,PSN-6/Beresheet,1,5,20190222,20190103,01:45:00,6500,Satellite,PSN/SpaceIL,GTO,True,True,True,True,True,0,50,67,0,50,0
74,Crew Dragon Demo-1,2,5,20190302,20190121,07:49:00,11000,Dragon 2,NASA,ISS,True,False,False,False,True,6,40,67,0,25,0
75,Arabsat-6A,2,7,20190411,20181229,22:35:00,6465,Satellite,Arabsat,GTO,True,True,True,True,True,0,103,90,0,50,0
76,CRS-17,1,5,20190504,20190323,06:48:00,2482,Dragon 1,NASA,ISS,True,True,True,True,False,31,42,67,0,45,0
77,Starlink v0.9,1,5,20190524,20190504,02:30:00,13620,Satellite,SpaceX,LEO,True,True,True,True,True,0,20,67,0,50,0
78,RADARSAT Constellation,3,5,20190612,20190506,14:17:00,4200,Satellite,CSA,SSO,True,True,True,True,True,0,37,67,0,50,0
79,CRS-18,1,5,20190725,20190704,22:01:00,2268,Dragon 1,NASA,ISS,True,True,True,True,True,42,21,67,0,50,0
80,AMOS-17,1,5,20190806,20190723,23:23:00,6500,Satellite,Spacecom,GTO,True,False,False,True,True,0,14,67,0,35,0
81,Starlink v1.0 L1,1,5,20191111,20191022,14:56:00,15600,Satellite,SpaceX,LEO,True,True,True,True,True,0,20,67,0,50,0
82,CRS-19,1,5,20191205,20191106,17:29:00,2617,Dragon 2,NASA,ISS,True,True,True,True,False,28,29,67,0,45,0
83,JCSat-18/Kacific-1,1,5,20191217,20191101,00:10:00,6956,Satellite,JSAT/Kacific,GTO,True,True,True,True,True,0,46,67,0,50,0
84,Starlink Group 1-14,2,5,20200104,20191107,12:10:00,15600,Satellite,SpaceX,LEO,True,True,False,False,False,0,58,67,0,40,1
85,Starlink v1.0 L2,1,5,20200107,20200102,02:19:00,15600,Satellite,SpaceX,LEO,True,True,True,True,True,0,5,67,0,50,0
86,Starlink Group 1-15,1,5,20200115,20200106,09:55:00,15600,Satellite,SpaceX,LEO,True,True,False,False,False,0,9,67,0,35,1
87,Crew Dragon IFA,2,5,20200119,20200107,15:30:00,12050,Dragon 2,NASA,SUB,True,False,False,True,False,0,12,67,0,30,0
88,Starlink v1.0 L3,1,5,20200129,20200116,14:07:00,15600,Satellite,SpaceX,LEO,True,True,True,True,False,0,13,67,0,45,0
89,Starlink Group 1-16,3,5,20200129,20200115,11:28:00,15600,Satellite,SpaceX,LEO,True,True,False,False,False,0,14,67,0,30,1
90,Starlink Group 1-17,3,5,20200206,20200128,21:54:00,15600,Satellite,SpaceX,LEO,True,True,False,True,False,0,9,67,0,40,1
91,Starlink v1.0 L4,1,5,20200217,20191222,15:05:00,15600,Satellite,SpaceX,LEO,True,True,False,True,True,0,57,67,0,40,1
92,Starlink Group 1-18,3,5,20200217,20200206,21:03:00,15600,Satellite,SpaceX,LEO,True,True,True,False,False,0,11,67,0,30,0
93,CRS-20,1,5,20200307,20200213,04:50:00,1977,Dragon 1,NASA,ISS,True,True,True,True,True,29,23,67,0,50,0
94,Starlink Group 1-19,1,5,20200311,20200123,12:58:00,15600,Satellite,SpaceX,LEO,True,True,True,False,False,0,48,67,0,30,0
95,Starlink v1.0 L5,2,5,20200318,20200229,12:16:00,15600,Satellite,SpaceX,LEO,True,True,False,True,True,0,18,67,0,40,1
96,Starlink Group 1-20,2,5,20200318,20200124,01:49:00,15600,Satellite,SpaceX,LEO,True,True,False,False,False,0,54,67,0,30,1
97,Starlink Group 1-21,3,5,20200414,20200323,09:20:00,15600,Satellite,SpaceX,LEO,True,True,True,False,False,0,22,67,0,40,0
98,Starlink v1.0 L6,2,5,20200422,20200420,19:30:00,15600,Satellite,SpaceX,LEO,True,True,True,True,True,0,2,67,0,50,0
99,Starlink Group 1-22,2,5,20200422,20200415,04:13:00,15600,Satellite,SpaceX,LEO,True,True,True,True,False,0,7,67,0,35,0
100,Starlink Group 1-23,1,5,20200517,20200509,22:21:00,15600,Satellite,SpaceX,LEO,True,True,True,False,False,0,8,67,0,35,0
101,Starlink Group 1-24,3,5,20200525,20200513,08:22:00,15600,Satellite,SpaceX,LEO,True,True,True,False,False,0,12,67,0,40,0
102,Crew Dragon Demo-2,2,5,20200530,20200519,19:22:00,12530,Dragon 2,NASA,ISS,True,True,True,True,False,64,11,220,2,75,0
103,Starlink v1.0 L7,1,5,20200603,20200531,01:25:00,15600,Satellite,SpaceX,LEO,True,True,True,True,True,0,3,67,0,50,0
104,Starlink Group 1-25,3,5,20200604,20200601,20:34:00,15600,Satellite,SpaceX,LEO,True,True,True,False,False,0,3,67,0,35,0
105,Starlink v1.0 L8,1,5,20200613,20200505,09:21:00,15410,Satellite,SpaceX,LEO,True,True,True,True,True,0,39,67,0,50,0
106,Starlink Group 1-26,3,5,20200613,20200606,13:26:00,15600,Satellite,SpaceX,LEO,True,True,True,False,False,0,7,67,0,35,0
107,GPS III-03,1,5,20200630,20200620,20:10:00,4311,Satellite,USAF,MEO,True,True,True,True,True,0,10,67,0,50,0
108,ANASIS-II,1,5,20200720,20200707,21:58:00,5000,Satellite,South Korea,GTO,True,True,True,True,True,0,13,67,0,50,0
109,Starlink v1.0 L9,2,5,20200807,20200731,05:12:00,14932,Satellite,SpaceX,LEO,True,True,True,True,True,0,7,67,0,50,0
110,Starlink v1.0 L10,1,5,20200818,20200805,14:31:00,15440,Satellite,SpaceX,LEO,True,True,True,True,True,0,13,67,0,50,0
111,SAOCOM 1B,1,5,20200830,20200825,23:18:00,3130,Satellite,CONAE,SSO,True,True,True,True,True,0,5,67,0,50,0
112,Starlink v1.0 L11,2,5,20200903,20200821,12:46:00,15600,Satellite,SpaceX,LEO,True,True,True,True,False,0,13,67,0,45,0
113,Starlink v1.0 L12,2,5,20201006,20200923,11:29:00,15600,Satellite,SpaceX,LEO,True,True,True,True,False,0,13,67,0,45,0
114,Starlink v1.0 L13,2,5,20201018,20201011,12:25:00,15600,Satellite,SpaceX,LEO,True,True,True,True,False,0,7,67,0,45,0
115,Starlink v1.0 L14,1,5,20201024,20201018,16:31:00,15600,Satellite,SpaceX,LEO,True,True,True,True,True,0,6,67,0,50,0
116,GPS III-04,1,5,20201105,20200911,23:24:00,4311,Satellite,USSF,MEO,True,True,True,True,False,0,55,67,0,45,0
117,Crew-1,2,5,20201116,20201028,00:27:00,12519,Dragon 2,NASA,ISS,True,True,True,True,False,167,19,220,4,75,0
118,Sentinel-6,3,5,20201121,20201109,17:17:00,1192,Satellite,NASA/ESA,LEO,True,True,True,True,True,0,12,67,0,50,0
119,Starlink v1.0 L15,1,5,20201125,20201114,02:13:00,15600,Satellite,SpaceX,LEO,True,True,True,True,False,0,11,67,0,45,0
120,CRS-21,2,5,20201206,20201102,16:17:00,2972,Dragon 2,NASA,ISS,True,True,True,True,False,36,34,67,0,45,0
121,SXM-7,1,5,20201213,20201212,17:09:00,7000,Satellite,Sirius XM,GTO,True,True,True,True,False,0,1,67,0,45,0
122,NROL-108,2,5,20201219,20201208,14:00:00,5000,Classified,NRO,LEO,True,True,True,True,False,0,11,67,0,45,0
123,Turksat 5A,1,5,20210108,20210104,02:15:00,3500,Satellite,Turksat,GTO,True,True,True,True,False,0,4,67,0,45,0
124,Starlink v1.0 L16,2,5,20210120,20210117,13:02:00,15600,Satellite,SpaceX,LEO,True,True,True,True,False,0,3,67,0,45,0
125,Transporter-1,1,5,20210124,20210116,15:00:00,5000,SmallSat,Various,SSO,True,True,True,True,True,0,8,67,0,50,0
126,Starlink Group 2-1,1,5,20210124,20210119,00:28:00,15600,Satellite,SpaceX,LEO,True,True,True,False,False,0,5,67,0,35,0
127,Starlink v1.0 L17,1,5,20210204,20210125,06:19:00,15600,Satellite,SpaceX,LEO,True,True,True,True,False,0,10,67,0,45,0
128,Starlink Group 2-2,1,5,20210215,20210204,10:09:00,15600,Satellite,SpaceX,LEO,True,True,True,True,False,0,11,67,0,35,0
129,Starlink v1.0 L18,1,5,20210216,20210208,03:59:00,15600,Satellite,SpaceX,LEO,True,True,False,True,False,0,8,67,0,35,1
130,Starlink v1.0 L19,1,5,20210304,20210207,08:24:00,15600,Satellite,SpaceX,LEO,True,True,True,True,True,0,25,67,0,50,0
131,Starlink Group 2-3,2,5,20210307,20210305,11:13:00,15600,Satellite,SpaceX,LEO,True,True,False,False,False,0,2,67,0,35,1
132,Starlink v1.0 L20,1,5,20210311,20210120,08:13:00,15600,Satellite,SpaceX,LEO,True,True,True,True,True,0,50,67,0,50,0
133,Starlink v1.0 L21,1,5,20210314,20210313,10:01:00,15600,Satellite,SpaceX,LEO,True,True,True,True,True,0,1,67,0,50,0
134,Starlink v1.0 L22,2,5,20210324,20210322,08:28:00,15600,Satellite,SpaceX,LEO,True,True,True,True,True,0,2,67,0,50,0
135,Starlink Group 2-4,3,5,20210324,20210318,12:34:00,15600,Satellite,SpaceX,LEO,True,True,False,False,False,0,6,67,0,45,1
136,Starlink v1.0 L23,1,5,20210407,20210406,16:34:00,15600,Satellite,SpaceX,LEO,True,True,True,True,True,0,1,67,0,50,0
137,Crew-2,2,5,20210423,20210421,09:49:00,12519,Dragon 2,NASA,ISS,True,True,True,True,False,199,2,220,4,75,0
138,Starlink Group 2-5,1,5,20210428,20210418,20:50:00,15600,Satellite,SpaceX,LEO,True,True,True,False,False,0,10,67,0,45,0
139,Starlink v1.0 L24,1,5,20210429,20210315,03:44:00,15600,Satellite,SpaceX,LEO,True,True,True,True,True,0,45,67,0,50,0
140,Starlink v1.0 L25,2,5,20210504,20210427,19:01:00,15600,Satellite,SpaceX,LEO,True,True,True,True,False,0,7,67,0,45,0
141,Starlink v1.0 L26,1,5,20210509,20210409,06:42:00,15600,Satellite,SpaceX,LEO,True,True,True,True,False,0,30,67,0,45,0
142,Starlink v1.0 L27,2,5,20210515,20210408,22:56:00,15600,Satellite,SpaceX,LEO,True,True,True,True,True,0,37,67,0,50,0
143,Starlink v1.0 L28,1,5,20210526,20210524,18:59:00,15600,Satellite,SpaceX,LEO,True,True,True,True,False,0,2,67,0,45,0
144,CRS-22,2,5,20210603,20210522,17:29:00,3328,Dragon 2,NASA,ISS,True,True,True,True,False,40,12,67,0,45,0
145,SXM-8,1,5,20210606,20210605,04:26:00,7000,Satellite,Sirius XM,GTO,True,True,True,True,False,0,1,67,0,45,0
146,Starlink Group 2-6,1,5,20210615,20210604,14:58:00,15600,Satellite,SpaceX,LEO,True,True,False,False,False,0,11,67,0,35,1
147,GPS III-05,1,5,20210617,20210604,16:09:00,4311,Satellite,USSF,MEO,True,True,True,True,False,0,13,67,0,45,0
148,Starlink Group 2-7,1,5,20210626,20210508,04:07:00,15600,Satellite,SpaceX,LEO,True,True,False,False,False,0,49,67,0,40,1
149,Transporter-2,1,5,20210630,20210627,19:31:00,2800,SmallSat,Various,SSO,True,True,True,True,True,0,3,67,0,50,0
150,Starlink Group 2-8,1,5,20210714,20210611,00:44:00,15600,Satellite,SpaceX,LEO,True,True,False,True,False,0,33,67,0,40,1
151,Starlink Group 2-9,1,5,20210730,20210726,03:05:00,15600,Satellite,SpaceX,LEO,True,True,False,False,False,0,4,67,0,45,1
152,Starlink Group 2-10,1,5,20210814,20210622,06:28:00,15600,Satellite,SpaceX,LEO,True,True,True,True,False,0,53,67,0,40,0
153,CRS-23,2,5,20210829,20210805,07:37:00,2170,Dragon 2,NASA,ISS,True,True,True,True,False,37,24,67,0,45,0
154,Starlink Group 2-11,2,5,20210830,20210806,08:17:00,15600,Satellite,SpaceX,LEO,True,True,False,True,False,0,24,67,0,35,1
155,Starlink Group 2-12,1,5,20210913,20210904,06:35:00,15600,Satellite,SpaceX,LEO,True,True,True,False,False,0,9,67,0,40,0
156,Starlink Group 2-1,3,5,20210914,20210904,03:55:00,16000,Satellite,SpaceX,LEO,True,True,True,True,True,0,10,67,0,50,0
157,Inspiration4,2,5,20210916,20210904,00:03:00,12519,Dragon 2,Shift4,LEO,True,True,True,True,False,3,12,220,4,75,0
158,Starlink Group 2-13,1,5,20210927,20210918,14:16:00,15600,Satellite,SpaceX,LEO,True,True,True,False,False,0,9,67,0,45,0
159,Starlink Group 2-14,1,5,20211012,20211011,07:24:00,15600,Satellite,SpaceX,LEO,True,True,False,False,False,0,1,67,0,40,1
160,Starlink Group 2-15,3,5,20211027,20211015,12:52:00,15600,Satellite,SpaceX,LEO,True,True,False,True,False,0,12,67,0,40,1
161,Crew-3,2,5,20211111,20211031,02:03:00,12519,Dragon 2,NASA,ISS,True,True,True,True,False,176,11,220,4,75,0
162,Starlink Group 2-2,3,5,20211113,20211104,11:51:00,16000,Satellite,SpaceX,LEO,True,True,True,True,True,0,9,67,0,50,0
163,Starlink Group 2-16,3,5,20211113,20211110,08:28:00,15600,Satellite,SpaceX,LEO,True,True,False,False,False,0,3,67,0,35,1
164,Starlink Group 2-17,2,5,20211127,20211012,22:53:00,15600,Satellite,SpaceX,LEO,True,True,False,True,False,0,46,67,0,40,1
165,Starlink Group 4-1,2,5,20211202,20211121,23:12:00,16000,Satellite,SpaceX,LEO,True,True,True,True,False,0,11,67,0,45,0
166,Starlink Group 2-18,3,5,20211204,20211016,23:30:00,15600,Satellite,SpaceX,LEO,True,True,True,True,False,0,49,67,0,45,0
167,IXPE,2,5,20211209,20211106,06:00:00,330,Satellite,NASA,LEO,True,True,True,True,False,0,33,67,0,45,0
168,Starlink Group 4-3,2,5,20211218,20211209,12:41:00,16000,Satellite,SpaceX,LEO,True,True,True,True,True,0,9,67,0,50,0
169,Starlink Group 2-19,2,5,20211218,20211205,01:36:00,15600,Satellite,SpaceX,LEO,True,True,False,False,False,0,13,67,0,45,1
170,Turksat 5B,1,5,20211219,20211217,03:58:00,4500,Satellite,Turksat,GTO,True,True,True,True,False,0,2,67,0,45,0
171,CRS-24,2,5,20211221,20211213,10:07:00,2989,Dragon 2,NASA,ISS,True,True,True,True,False,34,8,67,0,45,0
172,Starlink Group 4-4,2,5,20220106,20211224,21:49:00,16000,Satellite,SpaceX,LEO,True,True,True,True,False,0,13,67,0,45,0
173,Transporter-3,1,5,20220113,20220112,15:25:00,3500,SmallSat,Various,SSO,True,True,True,True,True,0,1,67,0,50,0
174,Starlink Group 4-5,2,5,20220118,20220113,02:26:00,16000,Satellite,SpaceX,LEO,True,True,True,True,False,0,5,67,0,45,0
175,Starlink Group 4-35,2,5,20220119,20220111,05:29:00,15600,Satellite,SpaceX,LEO,True,True,True,False,False,0,8,67,0,45,0
176,CSG-2,1,5,20220131,20220124,23:11:00,2150,Satellite,Italy,SSO,True,True,True,True,False,0,7,67,0,45,0
177,Starlink Group 4-36,3,5,20220131,20211216,05:00:00,15600,Satellite,SpaceX,LEO,True,True,False,True,False,0,46,67,0,45,1
178,Starlink Group 4-6,2,5,20220203,20220123,18:13:00,16000,Satellite,SpaceX,LEO,False,True,False,True,False,0,11,67,0,0,1
179,Starlink Group 4-37,2,5,20220208,20220201,15:29:00,15600,Satellite,SpaceX,LEO,True,True,True,False,False,0,7,67,0,40,0
180,Starlink Group 4-7,2,5,20220221,20220215,14:44:00,16000,Satellite,SpaceX,LEO,True,True,True,True,False,0,6,67,0,45,0
181,Starlink Group 4-8,1,5,20220225,20220204,17:12:00,16000,Satellite,SpaceX,LEO,True,True,True,True,True,0,21,67,0,50,0
182,Starlink Group 4-38,1,5,20220225,20220223,04:09:00,15600,Satellite,SpaceX,LEO,True,True,False,True,False,0,2,67,0,45,1
183,Starlink Group 4-9,1,5,20220303,20220302,14:35:00,16000,Satellite,SpaceX,LEO,True,True,True,True,False,0,1,67,0,45,0
184,Starlink Group 4-39,2,5,20220308,20220307,16:08:00,15600,Satellite,SpaceX,LEO,True,True,False,True,False,0,1,67,0,40,1
185,Starlink Group 4-10,2,5,20220309,20220224,13:45:00,16000,Satellite,SpaceX,LEO,True,True,True,True,True,0,13,67,0,50,0
186,Starlink Group 4-40,1,5,20220318,20220314,16:29:00,15600,Satellite,SpaceX,LEO,True,True,False,True,True,0,4,67,0,40,1
187,Starlink Group 4-11,1,5,20220319,20220318,04:42:00,16000,Satellite,SpaceX,LEO,True,True,True,True,False,0,1,67,0,45,0
188,Transporter-4,1,5,20220401,20220320,16:24:00,3800,SmallSat,Various,SSO,True,True,True,True,True,0,12,67,0,50,0
189,Axiom-1,2,5,20220408,20220225,15:17:00,12519,Dragon 2,Axiom,ISS,True,True,True,True,False,17,42,220,4,75,0
190,Starlink Group 4-41,3,5,20220413,20220407,10:54:00,15600,Satellite,SpaceX,LEO,True,True,False,True,True,0,6,67,0,40,1
191,NROL-85,3,5,20220417,20220408,13:13:00,5000,Classified,NRO,LEO,True,True,True,True,False,0,9,67,0,45,0
192,Starlink Group 4-12,1,5,20220421,20220310,15:51:00,16000,Satellite,SpaceX,LEO,True,True,True,True,False,0,42,67,0,45,0
193,Crew-4,2,5,20220427,20220422,07:52:00,12519,Dragon 2,NASA,ISS,True,True,True,True,False,170,5,220,4,75,0
194,Starlink Group 4-42,3,5,20220427,20220415,13:07:00,15600,Satellite,SpaceX,LEO,True,True,True,False,False,0,12,67,0,45,0
195,Starlink Group 4-13,1,5,20220429,20220326,21:27:00,16000,Satellite,SpaceX,LEO,True,True,True,True,True,0,34,67,0,50,0
196,Starlink Group 4-43,1,5,20220504,20220503,16:46:00,15600,Satellite,SpaceX,LEO,True,True,False,True,True,0,1,67,0,40,1
197,Starlink Group 4-14,2,5,20220506,20220504,09:42:00,16000,Satellite,SpaceX,LEO,True,True,True,True,False,0,2,67,0,45,0
198,Starlink Group 4-15,1,5,20220513,20220507,22:07:00,16000,Satellite,SpaceX,LEO,True,True,True,True,True,0,6,67,0,50,0
199,Starlink Group 4-44,1,5,20220513,20220505,15:04:00,15600,Satellite,SpaceX,LEO,True,True,True,False,True,0,8,67,0,50,0
200,Starlink Group 4-16,1,5,20220514,20220512,20:40:00,16000,Satellite,SpaceX,LEO,True,True,True,True,False,0,2,67,0,45,0
201,Starlink Group 4-45,2,5,20220518,20220512,18:33:00,15600,Satellite,SpaceX,LEO,True,True,True,True,False,0,6,67,0,40,0
202,Transporter-5,1,5,20220525,20220514,18:35:00,2800,SmallSat,Various,SSO,True,True,True,True,True,0,11,67,0,50,0
203,Nilesat-301,1,5,20220608,20220529,21:04:00,4000,Satellite,Nilesat,GTO,True,True,True,True,False,0,10,67,0,45,0
204,Starlink Group 4-46,2,5,20220612,20220427,04:32:00,15600,Satellite,SpaceX,LEO,True,True,True,False,True,0,46,67,0,40,0
205,Starlink Group 4-47,2,5,20220617,20220611,17:22:00,15600,Satellite,SpaceX,LEO,True,True,True,True,True,0,6,67,0,40,0
206,Globalstar FM15,1,5,20220619,20220606,04:27:00,700,Satellite,Globalstar,LEO,True,True,True,True,False,0,13,67,0,45,0
207,SES-22,1,5,20220629,20220619,21:04:00,3750,Satellite,SES,GTO,True,True,True,True,False,0,10,67,0,45,0
208,Starlink Group 4-48,3,5,20220701,20220524,05:45:00,15600,Satellite,SpaceX,LEO,True,True,True,True,True,0,38,67,0,40,0
209,Starlink Group 4-17,1,5,20220707,20220625,13:11:00,16000,Satellite,SpaceX,LEO,True,True,True,True,True,0,12,67,0,50,0
210,Starlink Group 4-49,3,5,20220708,20220629,08:05:00,15600,Satellite,SpaceX,LEO,True,True,True,False,False,0,9,67,0,45,0
211,CRS-25,2,5,20220715,20220603,00:44:00,2670,Dragon 2,NASA,ISS,True,True,True,True,False,38,42,67,0,45,0
212,Starlink Group 4-18,1,5,20220717,20220703,13:20:00,16000,Satellite,SpaceX,LEO,True,True,True,True,False,0,14,67,0,45,0
213,Starlink Group 4-19,3,5,20220722,20220710,17:39:00,16000,Satellite,SpaceX,LEO,True,True,True,True,False,0,12,67,0,45,0
214,Starlink Group 4-20,2,5,20220724,20220626,13:38:00,16000,Satellite,SpaceX,LEO,True,True,True,True,True,0,28,67,0,50,0
215,Starlink Group 4-50,1,5,20220803,20220801,00:36:00,15600,Satellite,SpaceX,LEO,True,True,True,True,False,0,2,67,0,45,0
216,KPLO,1,5,20220805,20220730,23:08:00,678,Satellite,KARI,TLI,True,True,True,True,False,0,6,67,0,45,0
217,Starlink Group 4-21,2,5,20220810,20220731,02:57:00,16000,Satellite,SpaceX,LEO,True,True,True,True,True,0,10,67,0,50,0
218,Starlink Group 4-22,1,5,20220812,20220730,21:30:00,16000,Satellite,SpaceX,LEO,True,True,True,True,True,0,13,67,0,50,0
219,Starlink Group 5-1,2,5,20220812,20220708,09:32:00,15600,Satellite,SpaceX,LEO,True,True,True,False,True,0,35,67,0,50,0
220,Starlink Group 4-23,1,5,20220819,20220809,19:21:00,16000,Satellite,SpaceX,LEO,True,True,True,True,False,0,10,67,0,45,0
221,Starlink Group 5-2,2,5,20220819,20220624,15:12:00,15600,Satellite,SpaceX,LEO,True,True,True,True,True,0,56,67,0,40,0
222,Starlink Group 4-24,3,5,20220828,20220827,03:41:00,16000,Satellite,SpaceX,LEO,True,True,True,True,True,0,1,67,0,50,0
223,Starlink Group 4-25,1,5,20220831,20220705,05:40:00,16000,Satellite,SpaceX,LEO,True,True,True,True,False,0,57,67,0,45,0
224,Starlink Group 5-3,2,5,20220904,20220714,19:58:00,15600,Satellite,SpaceX,LEO,True,True,True,False,False,0,52,67,0,45,0
225,Starlink Group 4-26,2,5,20220905,20220823,02:09:00,16000,Satellite,SpaceX,LEO,True,True,True,True,True,0,13,67,0,50,0
226,Starlink Group 5-4,1,5,20220910,20220907,13:03:00,15600,Satellite,SpaceX,LEO,True,True,True,True,False,0,3,67,0,40,0
227,Starlink Group 4-27,1,5,20220911,20220907,01:10:00,16000,Satellite,SpaceX,LEO,True,True,True,True,False,0,4,67,0,45,0
228,Starlink Group 5-5,3,5,20220918,20220916,05:32:00,15600,Satellite,SpaceX,LEO,True,True,True,False,True,0,2,67,0,40,0
229,Starlink Group 4-28,2,5,20220919,20220916,00:18:00,16000,Satellite,SpaceX,LEO,True,True,True,True,True,0,3,67,0,50,0
230,Starlink Group 4-29,1,5,20220924,20220823,23:32:00,16000,Satellite,SpaceX,LEO,True,True,True,True,False,0,32,67,0,45,0
231,Starlink Group 5-6,1,5,20221001,20220924,14:11:00,15600,Satellite,SpaceX,LEO,True,True,True,True,False,0,7,67,0,45,0
232,Crew-5,2,5,20221005,20220925,16:00:00,12519,Dragon 2,NASA,ISS,True,True,True,True,False,157,10,220,4,75,0
233,Starlink Group 5-7,2,5,20221005,20220830,06:22:00,15600,Satellite,SpaceX,LEO,True,True,False,False,True,0,36,67,0,45,1
234,Starlink Group 4-30,1,5,20221009,20220927,23:05:00,16000,Satellite,SpaceX,LEO,True,True,True,True,True,0,12,67,0,50,0
235,Starlink Group 4-31,1,5,20221020,20221010,14:50:00,16000,Satellite,SpaceX,LEO,True,True,True,True,False,0,10,67,0,45,0
236,Starlink Group 5-8,3,5,20221020,20220903,17:24:00,15600,Satellite,SpaceX,LEO,True,True,False,True,False,0,47,67,0,40,1
237,Starlink Group 5-9,1,5,20221027,20221021,06:54:00,15600,Satellite,SpaceX,LEO,True,True,False,False,False,0,6,67,0,40,1
238,Starlink Group 4-32,3,5,20221028,20220905,01:14:00,16000,Satellite,SpaceX,LEO,True,True,True,True,True,0,53,67,0,50,0
239,Starlink Group 4-33,1,5,20221101,20221018,13:41:00,16000,Satellite,SpaceX,LEO,True,True,True,True,False,0,14,67,0,45,0
240,USSF-44,7,7,20221101,20220917,13:41:00,3750,Classified,USSF,GEO,True,True,True,True,True,0,45,90,0,50,0
241,Hotbird 13F,1,5,20221103,20221029,03:22:00,4500,Satellite,Eutelsat,GTO,True,True,True,True,False,0,5,67,0,45,0
242,Intelsat 40e,1,5,20221112,20221105,11:06:00,5500,Satellite,Intelsat,GTO,True,True,True,True,False,0,7,67,0,45,0
243,Starlink Group 4-34,2,5,20221123,20221113,03:57:00,16000,Satellite,SpaceX,LEO,True,True,True,True,True,0,10,67,0,50,0
244,CRS-26,2,5,20221127,20221105,02:20:00,2670,Dragon 2,NASA,ISS,True,True,True,True,False,43,22,67,0,45,0
245,Hakuto-R M1,1,5,20221211,20221205,07:38:00,1014,Lander,ispace,TLI,True,True,True,True,False,0,6,67,0,45,0
246,SWOT,3,5,20221216,20221204,11:46:00,2200,Satellite,NASA/CNES,LEO,True,True,True,True,False,0,12,67,0,45,0
247,O3b mPOWER 1-2,1,5,20221217,20221216,21:48:00,9000,Satellite,SES,MEO,True,True,True,True,False,0,1,67,0,45,0
248,Starlink Group 5-1,1,5,20230103,20221230,14:00:00,17400,Satellite,SpaceX,LEO,True,True,True,True,True,0,4,67,0,50,0
249,Transporter-6,1,5,20230103,20221224,14:56:00,4600,SmallSat,Various,SSO,True,True,True,True,False,0,10,67,0,45,0
250,Starlink Group 7-1,1,5,20230107,20221204,09:58:00,17400,Satellite,SpaceX,LEO,True,True,True,True,True,0,34,67,0,45,0
251,OneWeb 1,2,5,20230109,20230108,03:00:00,2750,Satellite,OneWeb,LEO,True,True,True,True,False,0,1,67,0,45,0
252,Starlink Group 7-2,3,5,20230110,20230105,02:38:00,17400,Satellite,SpaceX,LEO,True,True,True,True,False,0,5,67,0,45,0
253,Starlink Group 7-3,2,5,20230115,20230105,00:22:00,17400,Satellite,SpaceX,LEO,True,True,True,True,False,0,10,67,0,45,0
254,GPS III-06,1,5,20230118,20221130,12:24:00,4311,Satellite,USSF,MEO,True,True,True,True,False,0,49,67,0,45,0
255,Starlink Group 5-2,2,5,20230119,20230109,15:43:00,17400,Satellite,SpaceX,LEO,True,True,True,True,True,0,10,67,0,50,0
256,Starlink Group 7-4,1,5,20230126,20230116,05:00:00,17400,Satellite,SpaceX,LEO,True,True,True,True,False,0,10,67,0,45,0
257,Starlink Group 5-3,1,5,20230131,20230123,16:15:00,17400,Satellite,SpaceX,LEO,True,True,True,True,False,0,8,67,0,45,0
258,Starlink Group 7-5,1,5,20230131,20230127,15:33:00,17400,Satellite,SpaceX,LEO,True,True,True,True,True,0,4,67,0,45,0
259,Starlink Group 7-6,3,5,20230202,20230126,18:57:00,17400,Satellite,SpaceX,LEO,True,True,True,True,True,0,7,67,0,45,0
260,Amazonas Nexus,1,5,20230207,20221228,04:32:00,4500,Satellite,Hispasat,GTO,True,True,True,True,False,0,41,67,0,45,0
261,Starlink Group 7-7,1,5,20230207,20230127,00:23:00,17400,Satellite,SpaceX,LEO,True,True,True,True,False,0,11,67,0,45,0
262,Starlink Group 7-8,3,5,20230209,20230115,21:31:00,17400,Satellite,SpaceX,LEO,True,True,True,True,True,0,25,67,0,45,0
263,Starlink Group 5-4,2,5,20230212,20230131,03:58:00,17400,Satellite,SpaceX,LEO,True,True,True,True,True,0,12,67,0,50,0
264,Starlink Group 7-9,2,5,20230212,20230130,17:42:00,17400,Satellite,SpaceX,LEO,True,True,True,True,True,0,13,67,0,50,0
265,Starlink Group 5-5,1,5,20230217,20230212,18:12:00,17400,Satellite,SpaceX,LEO,True,True,True,True,False,0,5,67,0,45,0
266,Starlink Group 7-10,2,5,20230217,20230216,11:28:00,17400,Satellite,SpaceX,LEO,True,True,True,True,True,0,1,67,0,50,0
267,Inmarsat I-6 F2,1,5,20230218,20230126,01:59:00,5470,Satellite,Inmarsat,GTO,True,True,True,True,False,0,23,67,0,45,0
268,Starlink Group 7-11,2,5,20230227,20230214,23:07:00,17400,Satellite,SpaceX,LEO,True,True,True,True,True,0,13,67,0,50,0
269,Crew-6,2,5,20230302,20230228,06:34:00,12519,Dragon 2,NASA,ISS,True,True,True,True,False,186,2,220,4,75,0
270,Starlink Group 5-6,3,5,20230303,20230301,23:38:00,17400,Satellite,SpaceX,LEO,True,True,True,True,True,0,2,67,0,50,0
271,Starlink Group 7-12,2,5,20230308,20230307,02:15:00,17400,Satellite,SpaceX,LEO,True,True,True,True,False,0,1,67,0,45,0
272,OneWeb 2,2,5,20230309,20230224,23:13:00,2200,Satellite,OneWeb,LEO,True,True,True,True,False,0,13,67,0,45,0
273,Starlink Group 7-13,3,5,20230312,20230201,20:57:00,17400,Satellite,SpaceX,LEO,True,True,True,True,True,0,39,67,0,50,0
274,Starlink Group 7-14,3,5,20230314,20230311,20:11:00,17400,Satellite,SpaceX,LEO,True,True,True,True,True,0,3,67,0,45,0
275,CRS-27,2,5,20230315,20230302,00:30:00,2670,Dragon 2,NASA,ISS,True,True,True,True,False,31,13,67,0,45,0
276,Starlink Group 7-15,3,5,20230317,20230312,05:56:00,17400,Satellite,SpaceX,LEO,True,True,True,True,True,0,5,67,0,50,0
277,SDA Tranche 0A,3,5,20230318,20230307,14:26:00,2800,Satellite,SDA,LEO,True,True,True,True,False,0,11,67,0,45,0
278,Starlink Group 7-16,1,5,20230321,20230131,17:57:00,17400,Satellite,SpaceX,LEO,True,True,True,True,False,0,49,67,0,45,0
279,Starlink Group 5-7,2,5,20230324,20230311,15:43:00,17400,Satellite,SpaceX,LEO,True,True,True,True,True,0,13,67,0,50,0
280,Starlink Group 7-17,2,5,20230325,20230315,11:31:00,17400,Satellite,SpaceX,LEO,True,True,True,True,False,0,10,67,0,45,0
281,Starlink Group 7-18,1,5,20230327,20230319,01:48:00,17400,Satellite,SpaceX,LEO,True,True,True,True,True,0,8,67,0,50,0
282,Starlink Group 5-8,1,5,20230329,20230209,19:01:00,17400,Satellite,SpaceX,LEO,True,True,True,True,False,0,48,67,0,45,0
283,Starlink Group 7-19,2,5,20230401,20230330,09:04:00,17400,Satellite,SpaceX,LEO,True,True,True,True,True,0,2,67,0,50,0
284,Starlink Group 7-20,3,5,20230407,20230330,12:47:00,17400,Satellite,SpaceX,LEO,True,True,True,True,False,0,8,67,0,50,0
285,Starlink Group 7-21,1,5,20230411,20230225,21:52:00,17400,Satellite,SpaceX,LEO,True,True,True,True,True,0,45,67,0,45,0
286,Transporter-7,3,5,20230415,20230320,06:48:00,4600,SmallSat,Various,SSO,True,True,True,True,True,0,26,67,0,50,0
287,Starlink Group 7-22,1,5,20230415,20230226,05:43:00,17400,Satellite,SpaceX,LEO,True,True,True,True,False,0,48,67,0,45,0
288,Starlink Group 7-23,2,5,20230418,20230417,19:38:00,17400,Satellite,SpaceX,LEO,True,True,True,True,True,0,1,67,0,50,0
289,Starlink Group 5-9,1,5,20230419,20230415,14:31:00,17400,Satellite,SpaceX,LEO,True,True,True,True,True,0,4,67,0,50,0
290,Starship IFT-1,5,8,20230420,20221001,13:33:00,0,Test,SpaceX,SUB,False,False,False,False,False,0,201,10,0,0,1
291,Starlink Group 7-24,1,5,20230421,20230408,10:41:00,17400,Satellite,SpaceX,LEO,True,True,True,True,False,0,13,67,0,45,0
292,Starlink Group 7-25,3,5,20230427,20230309,22:41:00,17400,Satellite,SpaceX,LEO,True,True,True,True,False,0,49,67,0,50,0
293,O3b mPOWER 3-4,1,5,20230428,20230419,22:12:00,9000,Satellite,SES,MEO,True,True,True,True,False,0,9,67,0,45,0
294,ViaSat-3 Americas,7,7,20230501,20230314,00:26:00,6400,Satellite,Viasat,GTO,True,True,True,True,True,0,48,90,0,50,0
295,Starlink Group 7-26,1,5,20230502,20230425,14:24:00,17400,Satellite,SpaceX,LEO,True,True,True,True,False,0,7,67,0,50,0
296,Starlink Group 5-10,2,5,20230504,20230321,07:31:00,17400,Satellite,SpaceX,LEO,True,True,True,True,True,0,44,67,0,50,0
297,Starlink Group 7-27,2,5,20230508,20230406,17:41:00,17400,Satellite,SpaceX,LEO,True,True,True,True,False,0,32,67,0,50,0
298,Starlink Group 5-11,1,5,20230510,20230505,05:23:00,17400,Satellite,SpaceX,LEO,True,True,True,True,False,0,5,67,0,45,0
299,Starlink Group 7-28,3,5,20230514,20230502,22:17:00,17400,Satellite,SpaceX,LEO,True,True,True,True,True,0,12,67,0,50,0
300,Starlink Group 7-29,3,5,20230519,20230508,01:01:00,17400,Satellite,SpaceX,LEO,True,True,True,True,True,0,11,67,0,45,0
301,OneWeb 3,2,5,20230521,20230516,07:16:00,3600,Satellite,OneWeb,LEO,True,True,True,True,False,0,5,67,0,45,0
302,Axiom-2,2,5,20230521,20230330,21:37:00,12519,Dragon 2,Axiom,ISS,True,True,True,True,False,10,52,220,4,75,0
303,Arabsat BADR-8,1,5,20230527,20230517,02:19:00,4500,Satellite,Arabsat,GTO,True,True,True,True,False,0,10,67,0,45,0
304,Starlink Group 7-30,3,5,20230531,20230504,14:56:00,17400,Satellite,SpaceX,LEO,True,True,True,True,True,0,27,67,0,45,0
305,Starlink Group 5-12,1,5,20230604,20230530,12:21:00,17400,Satellite,SpaceX,LEO,True,True,True,True,True,0,5,67,0,50,0
306,CRS-28,2,5,20230605,20230425,15:47:00,2803,Dragon 2,NASA,ISS,True,True,True,True,False,38,41,67,0,45,0
307,Starlink Group 7-31,2,5,20230612,20230417,04:13:00,17400,Satellite,SpaceX,LEO,True,True,True,True,False,0,56,67,0,50,0
308,Transporter-8,3,5,20230613,20230519,21:35:00,5200,SmallSat,Various,SSO,True,True,True,True,True,0,25,67,0,50,0
309,Starlink Group 7-32,3,5,20230615,20230605,13:45:00,17400,Satellite,SpaceX,LEO,True,True,True,True,True,0,10,67,0,45,0
310,Starlink Group 5-13,1,5,20230619,20230606,04:38:00,17400,Satellite,SpaceX,LEO,True,True,True,True,False,0,13,67,0,45,0
311,Starlink Group 7-33,1,5,20230622,20230424,04:37:00,17400,Satellite,SpaceX,LEO,True,True,True,True,True,0,59,67,0,50,0
312,Starlink Group 5-14,1,5,20230623,20230429,15:35:00,17400,Satellite,SpaceX,LEO,True,True,True,True,True,0,55,67,0,50,0
313,Starlink Group 7-34,2,5,20230627,20230616,15:44:00,17400,Satellite,SpaceX,LEO,True,True,True,True,True,0,11,67,0,45,0
314,Euclid,1,5,20230701,20230613,15:11:00,2160,Satellite,ESA,L2,True,True,True,True,False,0,18,67,0,45,0
315,Starlink Group 7-35,3,5,20230703,20230627,08:37:00,17400,Satellite,SpaceX,LEO,True,True,True,True,False,0,6,67,0,50,0
316,Starlink Group 5-15,1,5,20230707,20230510,03:29:00,17400,Satellite,SpaceX,LEO,True,True,True,True,False,0,58,67,0,45,0
317,Starlink Group 7-36,3,5,20230709,20230705,18:13:00,17400,Satellite,SpaceX,LEO,True,True,True,True,True,0,4,67,0,45,0
318,Starlink Group 5-16,2,5,20230710,20230703,03:58:00,17400,Satellite,SpaceX,LEO,True,True,True,True,True,0,7,67,0,50,0
319,Starlink Group 7-37,1,5,20230715,20230628,00:24:00,17400,Satellite,SpaceX,LEO,True,True,True,True,False,0,17,67,0,50,0
320,Starlink Group 5-17,3,5,20230716,20230704,02:50:00,17400,Satellite,SpaceX,LEO,True,True,True,True,True,0,12,67,0,50,0
321,Starlink Group 5-18,1,5,20230720,20230707,05:09:00,17400,Satellite,SpaceX,LEO,True,True,True,True,False,0,13,67,0,45,0
322,Starlink Group 7-38,2,5,20230722,20230715,07:26:00,17400,Satellite,SpaceX,LEO,True,True,True,True,True,0,7,67,0,50,0
323,Starlink Group 5-19,2,5,20230724,20230714,04:02:00,17400,Satellite,SpaceX,LEO,True,True,True,True,True,0,10,67,0,50,0
324,Starlink Group 7-39,3,5,20230728,20230725,16:54:00,17400,Satellite,SpaceX,LEO,True,True,True,True,True,0,3,67,0,50,0
325,Galaxy 37/Horizons-4,1,5,20230729,20230727,04:01:00,5000,Satellite,Intelsat,GTO,True,True,True,True,False,0,2,67,0,45,0
326,Starlink Group 6-1,1,5,20230731,20230721,00:36:00,17400,Satellite,SpaceX,LEO,True,True,True,True,True,0,10,67,0,50,0
327,Starlink Group 6-2,1,5,20230803,20230713,05:37:00,17400,Satellite,SpaceX,LEO,True,True,True,True,False,0,21,67,0,45,0
328,Starlink Group 7-40,2,5,20230805,20230727,05:14:00,17400,Satellite,SpaceX,LEO,True,True,True,True,True,0,9,67,0,45,0
329,Starlink Group 6-3,2,5,20230807,20230722,07:02:00,17400,Satellite,SpaceX,LEO,True,True,True,True,True,0,16,67,0,50,0
330,Starlink Group 8-1,1,5,20230808,20230730,19:42:00,17400,Satellite,SpaceX,LEO,True,True,True,True,True,0,9,67,0,50,0
331,Starlink Group 6-4,1,5,20230811,20230810,23:03:00,17400,Satellite,SpaceX,LEO,True,True,True,True,False,0,1,67,0,45,0
332,Starlink Group 8-2,1,5,20230813,20230812,13:44:00,17400,Satellite,SpaceX,LEO,True,True,True,True,False,0,1,67,0,50,0
333,Starlink Group 6-5,2,5,20230817,20230811,02:27:00,17400,Satellite,SpaceX,LEO,True,True,True,True,True,0,6,67,0,50,0
334,Starlink Group 6-6,1,5,20230822,20230625,09:37:00,17400,Satellite,SpaceX,LEO,True,True,True,True,False,0,58,67,0,45,0
335,Starlink Group 8-3,3,5,20230825,20230722,06:02:00,17400,Satellite,SpaceX,LEO,True,True,True,True,True,0,34,67,0,45,0
336,Crew-7,2,5,20230826,20230821,07:27:00,12519,Dragon 2,NASA,ISS,True,True,True,True,False,192,5,220,4,75,0
337,Starlink Group 6-7,1,5,20230827,20230708,01:55:00,17400,Satellite,SpaceX,LEO,True,True,True,True,True,0,50,67,0,50,0
338,Starlink Group 8-4,3,5,20230829,20230826,04:46:00,17400,Satellite,SpaceX,LEO,True,True,True,True,True,0,3,67,0,45,0
339,Starlink Group 6-8,3,5,20230831,20230731,09:20:00,17400,Satellite,SpaceX,LEO,True,True,True,True,False,0,31,67,0,45,0
340,Starlink Group 8-5,1,5,20230902,20230901,07:36:00,17400,Satellite,SpaceX,LEO,True,True,True,True,False,0,1,67,0,45,0
341,SDA Tranche 0B,3,5,20230903,20230902,17:25:00,2800,Satellite,SDA,LEO,True,True,True,True,True,0,1,67,0,50,0
342,Starlink Group 6-9,1,5,20230904,20230829,03:47:00,17400,Satellite,SpaceX,LEO,True,True,True,True,False,0,6,67,0,45,0
343,Starlink Group 8-6,1,5,20230907,20230831,02:10:00,17400,Satellite,SpaceX,LEO,True,True,True,True,False,0,7,67,0,50,0
344,Starlink Group 6-10,2,5,20230909,20230828,03:12:00,17400,Satellite,SpaceX,LEO,True,True,True,True,True,0,12,67,0,50,0
345,Starlink Group 8-7,2,5,20230910,20230812,19:19:00,17400,Satellite,SpaceX,LEO,True,True,True,True,False,0,29,67,0,45,0
346,Starlink Group 6-11,1,5,20230912,20230818,06:57:00,17400,Satellite,SpaceX,LEO,True,True,True,True,False,0,25,67,0,45,0
347,Starlink Group 8-8,1,5,20230914,20230909,06:08:00,17400,Satellite,SpaceX,LEO,True,True,True,True,True,0,5,67,0,50,0
348,Starlink Group 6-12,3,5,20230916,20230904,03:38:00,17400,Satellite,SpaceX,LEO,True,True,True,True,True,0,12,67,0,50,0
349,Starlink Group 8-9,1,5,20230918,20230910,11:36:00,17400,Satellite,SpaceX,LEO,True,True,True,True,False,0,8,67,0,50,0
350,Starlink Group 6-13,1,5,20230920,20230918,03:01:00,17400,Satellite,SpaceX,LEO,True,True,True,True,True,0,2,67,0,50,0
351,Starlink Group 8-10,3,5,20230923,20230918,05:18:00,17400,Satellite,SpaceX,LEO,True,True,True,True,True,0,5,67,0,50,0
352,Starlink Group 6-14,2,5,20230924,20230815,03:44:00,17400,Satellite,SpaceX,LEO,True,True,True,True,False,0,40,67,0,45,0
353,Starlink Group 6-15,1,5,20230925,20230924,08:48:00,17400,Satellite,SpaceX,LEO,True,True,True,True,True,0,1,67,0,50,0
354,Starlink Group 8-11,2,5,20230928,20230923,21:03:00,17400,Satellite,SpaceX,LEO,True,True,True,True,True,0,5,67,0,50,0
355,Starlink Group 6-16,3,5,20230930,20230820,05:00:00,17400,Satellite,SpaceX,LEO,True,True,True,True,False,0,41,67,0,45,0
356,Starlink Group 8-12,3,5,20231002,20230919,02:11:00,17400,Satellite,SpaceX,LEO,True,True,True,True,True,0,13,67,0,50,0
357,Starlink Group 6-17,1,5,20231005,20230916,03:58:00,17400,Satellite,SpaceX,LEO,True,True,True,True,True,0,19,67,0,50,0
358,Starlink Group 8-13,2,5,20231007,20230919,14:30:00,17400,Satellite,SpaceX,LEO,True,True,True,True,False,0,18,67,0,50,0
359,Starlink Group 6-18,1,5,20231009,20231007,01:43:00,17400,Satellite,SpaceX,LEO,True,True,True,True,False,0,2,67,0,45,0
360,Psyche,2,7,20231013,20230904,14:19:00,2747,Satellite,NASA,HEO,True,True,True,True,True,0,39,90,0,50,0
361,Starlink Group 6-19,2,5,20231013,20230816,04:01:00,17400,Satellite,SpaceX,LEO,True,True,True,True,True,0,58,67,0,50,0
362,Starlink Group 8-14,1,5,20231014,20231006,01:25:00,17400,Satellite,SpaceX,LEO,True,True,True,True,False,0,8,67,0,45,0
363,Starlink Group 8-15,1,5,20231016,20231015,09:23:00,17400,Satellite,SpaceX,LEO,True,True,True,True,False,0,1,67,0,50,0
364,Starlink Group 6-20,1,5,20231018,20231017,00:19:00,17400,Satellite,SpaceX,LEO,True,True,True,True,True,0,1,67,0,50,0
365,Starlink Group 6-21,3,5,20231021,20231011,07:17:00,17400,Satellite,SpaceX,LEO,True,True,True,True,False,0,10,67,0,45,0
366,Starlink Group 6-22,1,5,20231022,20231016,02:38:00,17400,Satellite,SpaceX,LEO,True,True,True,True,True,0,6,67,0,50,0
367,Starlink Group 8-16,2,5,20231024,20230928,16:04:00,17400,Satellite,SpaceX,LEO,True,True,True,True,True,0,26,67,0,50,0
368,Starlink Group 8-17,1,5,20231028,20231019,19:17:00,17400,Satellite,SpaceX,LEO,True,True,True,True,False,0,9,67,0,45,0
369,Starlink Group 6-23,2,5,20231030,20231029,04:20:00,17400,Satellite,SpaceX,LEO,True,True,True,True,False,0,1,67,0,45,0
370,Starlink Group 6-24,1,5,20231104,20231028,00:37:00,17400,Satellite,SpaceX,LEO,True,True,True,True,True,0,7,67,0,50,0
371,Starlink Group 8-18,1,5,20231105,20231006,08:24:00,17400,Satellite,SpaceX,LEO,True,True,True,True,True,0,30,67,0,45,0
372,Starlink Group 6-25,3,5,20231108,20231103,05:05:00,17400,Satellite,SpaceX,LEO,True,True,True,True,False,0,5,67,0,45,0
373,CRS-29,2,5,20231110,20230927,01:05:00,2767,Dragon 2,NASA,ISS,True,True,True,True,False,36,44,67,0,45,0
374,Transporter-9,3,5,20231111,20231006,18:49:00,5200,SmallSat,Various,SSO,True,True,True,True,True,0,36,67,0,50,0
375,Starlink Group 6-26,1,5,20231112,20230923,08:52:00,17400,Satellite,SpaceX,LEO,True,True,True,True,True,0,50,67,0,50,0
376,O3b mPOWER 5-6,1,5,20231113,20231012,00:08:00,9000,Satellite,SES,MEO,True,True,True,True,True,0,32,67,0,50,0
377,Starlink Group 8-19,1,5,20231117,20231108,20:04:00,17400,Satellite,SpaceX,LEO,True,True,True,True,True,0,9,67,0,45,0
378,Starship IFT-2,5,8,20231118,20230503,13:03:00,0,Test,SpaceX,SUB,False,False,False,False,False,0,199,10,0,85,1
379,Starlink Group 6-27,2,5,20231120,20231107,06:50:00,17400,Satellite,SpaceX,LEO,True,True,True,True,True,0,13,67,0,50,0
380,Starlink Group 6-28,1,5,20231122,20231121,09:47:00,17400,Satellite,SpaceX,LEO,True,True,True,True,False,0,1,67,0,45,0
381,Starlink Group 8-20,1,5,20231124,20231122,02:50:00,17400,Satellite,SpaceX,LEO,True,True,True,True,False,0,2,67,0,50,0
382,Starlink Group 6-29,3,5,20231128,20231120,11:20:00,17400,Satellite,SpaceX,LEO,True,True,True,True,True,0,8,67,0,50,0
383,Starlink Group 8-21,2,5,20231130,20231120,15:23:00,17400,Satellite,SpaceX,LEO,True,True,True,True,False,0,10,67,0,50,0
384,Korea 425,3,5,20231201,20231125,18:19:00,1700,Satellite,South Korea,SSO,True,True,True,True,False,0,6,67,0,45,0
385,Starlink Group 6-30,1,5,20231203,20231108,04:00:00,17400,Satellite,SpaceX,LEO,True,True,True,True,True,0,25,67,0,50,0
386,Starlink Group 8-22,2,5,20231206,20231010,07:31:00,17400,Satellite,SpaceX,LEO,True,True,True,True,False,0,57,67,0,45,0
387,Starlink Group 6-31,2,5,20231207,20231126,05:07:00,17400,Satellite,SpaceX,LEO,True,True,True,True,False,0,11,67,0,45,0
388,Starlink Group 6-32,1,5,20231208,20231201,04:07:00,17400,Satellite,SpaceX,LEO,True,True,True,True,True,0,7,67,0,50,0
389,Starlink Group 8-23,2,5,20231212,20231108,08:54:00,17400,Satellite,SpaceX,LEO,True,True,True,True,True,0,34,67,0,45,0
390,Starlink Group 8-24,2,5,20231217,20231206,16:51:00,17400,Satellite,SpaceX,LEO,True,True,True,True,True,0,11,67,0,45,0
391,Starlink Group 6-33,1,5,20231219,20231213,04:01:00,17400,Satellite,SpaceX,LEO,True,True,True,True,False,0,6,67,0,45,0
392,Starlink Group 6-34,2,5,20231223,20231221,05:33:00,17400,Satellite,SpaceX,LEO,True,True,True,True,True,0,2,67,0,50,0
393,Starlink Group 8-25,2,5,20231225,20231223,09:13:00,17400,Satellite,SpaceX,LEO,True,True,True,True,False,0,2,67,0,50,0
394,USSF-52,1,7,20231229,20230909,01:07:00,5000,Classified,USSF,GEO,True,True,True,True,True,0,111,90,0,50,0
395,Starlink Group 6-35,1,5,20231229,20231218,05:01:00,17400,Satellite,SpaceX,LEO,True,True,True,True,False,0,11,67,0,45,0
396,Starlink Group 8-26,1,5,20231231,20231229,13:30:00,17400,Satellite,SpaceX,LEO,True,True,True,True,True,0,2,67,0,50,0
397,Starlink Group 6-36,3,5,20240103,20231228,03:44:00,17400,Satellite,SpaceX,LEO,True,True,True,True,True,0,6,67,0,50,0
398,Starlink Group 11-1,1,5,20240103,20231222,21:33:00,17400,Satellite,SpaceX,LEO,True,True,True,True,True,0,12,67,0,45,0
399,Starlink Group 6-37,2,5,20240108,20231229,02:35:00,17400,Satellite,SpaceX,LEO,True,True,True,True,False,0,10,67,0,45,0
400,Starlink Group 11-2,2,5,20240108,20231221,14:21:00,17400,Satellite,SpaceX,LEO,True,True,True,True,False,0,18,67,0,45,0
401,Starlink Group 6-38,1,5,20240115,20231223,00:59:00,17400,Satellite,SpaceX,LEO,True,True,True,True,True,0,23,67,0,50,0
402,Starlink Group 11-3,1,5,20240115,20231223,16:51:00,17400,Satellite,SpaceX,LEO,True,True,True,True,True,0,23,67,0,45,0
403,Axiom-3,1,5,20240118,20231216,21:49:00,12519,Dragon 2,Axiom,ISS,True,True,True,True,False,21,33,220,4,75,0
404,Starlink Group 6-39,2,5,20240124,20240122,00:43:00,17400,Satellite,SpaceX,LEO,True,True,True,True,True,0,2,67,0,50,0
405,Starlink Group 11-4,3,5,20240124,20240122,22:34:00,17400,Satellite,SpaceX,LEO,True,True,True,True,True,0,2,67,0,50,0
406,PACE,1,5,20240208,20240128,06:33:00,1700,Satellite,NASA,SSO,True,True,True,True,False,0,11,67,0,45,0
407,Starlink Group 11-5,2,5,20240208,20240128,18:46:00,17400,Satellite,SpaceX,LEO,True,True,True,True,True,0,11,67,0,50,0
408,USSF-124,1,5,20240215,20240206,05:30:00,3500,Classified,USSF,GEO,True,True,True,True,True,0,9,67,0,50,0
409,IM-1,2,5,20240215,20240204,06:05:00,1900,Lander,Intuitive Machines,TLI,True,True,True,True,False,0,11,67,0,45,0
410,Starlink Group 11-6,1,5,20240215,20240207,03:01:00,17400,Satellite,SpaceX,LEO,True,True,True,True,False,0,8,67,0,45,0
411,Starlink Group 6-40,3,5,20240221,20240217,03:47:00,17400,Satellite,SpaceX,LEO,True,True,True,True,True,0,4,67,0,50,0
412,Starlink Group 11-7,2,5,20240221,20240218,18:52:00,17400,Satellite,SpaceX,LEO,True,True,True,True,False,0,3,67,0,45,0
413,Starlink Group 6-41,1,5,20240226,20240117,00:06:00,17400,Satellite,SpaceX,LEO,True,True,True,True,False,0,40,67,0,45,0
414,Starlink Group 11-8,2,5,20240226,20240224,11:25:00,17400,Satellite,SpaceX,LEO,True,True,True,True,False,0,2,67,0,45,0
415,Crew-8,2,5,20240304,20240301,03:53:00,12519,Dragon 2,NASA,ISS,True,True,True,True,False,199,3,220,4,75,0
416,Transporter-10,3,5,20240305,20240229,22:05:00,5000,SmallSat,Various,SSO,True,True,True,True,True,0,5,67,0,50,0
417,Starlink Group 11-9,1,5,20240305,20240224,22:03:00,17400,Satellite,SpaceX,LEO,True,True,True,True,False,0,10,67,0,45,0
418,Starlink Group 6-42,1,5,20240311,20240306,23:05:00,17400,Satellite,SpaceX,LEO,True,True,True,True,True,0,5,67,0,50,0
419,Starlink Group 11-10,2,5,20240311,20240306,14:30:00,17400,Satellite,SpaceX,LEO,True,True,True,True,True,0,5,67,0,50,0
420,Starship IFT-3,5,8,20240314,20231204,13:25:00,0,Test,SpaceX,SUB,True,False,False,False,False,0,101,10,0,90,0
421,Starlink Group 6-43,2,5,20240316,20240314,02:21:00,17400,Satellite,SpaceX,LEO,True,True,True,True,False,0,2,67,0,45,0
422,Starlink Group 11-11,2,5,20240316,20240306,11:40:00,17400,Satellite,SpaceX,LEO,True,True,True,True,True,0,10,67,0,45,0
423,Starlink Group 6-44,1,5,20240319,20240310,23:28:00,17400,Satellite,SpaceX,LEO,True,True,True,True,True,0,9,67,0,50,0
424,Starlink Group 11-12,2,5,20240319,20240310,22:52:00,17400,Satellite,SpaceX,LEO,True,True,True,True,False,0,9,67,0,50,0
425,CRS-30,1,5,20240322,20240223,20:55:00,2831,Dragon 2,NASA,ISS,True,True,True,True,False,37,28,67,0,45,0
426,Starlink Group 11-13,2,5,20240322,20240311,13:02:00,17400,Satellite,SpaceX,LEO,True,True,True,True,True,0,11,67,0,45,0
427,Starlink Group 6-45,3,5,20240325,20240224,23:42:00,17400,Satellite,SpaceX,LEO,True,True,True,True,False,0,30,67,0,45,0
428,Starlink Group 11-14,1,5,20240325,20240324,13:42:00,17400,Satellite,SpaceX,LEO,True,True,True,True,True,0,1,67,0,45,0
429,Starlink Group 6-46,2,5,20240331,20240328,02:30:00,17400,Satellite,SpaceX,LEO,True,True,True,True,True,0,3,67,0,50,0
430,Eutelsat 36D,1,5,20240331,20240323,00:52:00,5000,Satellite,Eutelsat,GTO,True,True,True,True,True,0,8,67,0,50,0
431,Starlink Group 11-15,2,5,20240331,20240321,21:32:00,17400,Satellite,SpaceX,LEO,True,True,True,True,True,0,10,67,0,45,0
432,Starlink Group 6-47,1,5,20240402,20240306,23:16:00,17400,Satellite,SpaceX,LEO,True,True,True,True,False,0,27,67,0,45,0
433,Starlink Group 11-16,1,5,20240402,20240320,18:50:00,17400,Satellite,SpaceX,LEO,True,True,True,True,False,0,13,67,0,50,0
434,Starlink Group 6-48,2,5,20240408,20240328,17:16:00,17400,Satellite,SpaceX,LEO,True,True,True,True,True,0,11,67,0,50,0
435,Starlink Group 11-17,3,5,20240408,20240401,09:46:00,17400,Satellite,SpaceX,LEO,True,True,True,True,False,0,7,67,0,45,0
436,Starlink Group 6-49,1,5,20240410,20240403,22:40:00,17400,Satellite,SpaceX,LEO,True,True,True,True,False,0,7,67,0,45,0
437,Starlink Group 11-18,3,5,20240410,20240329,19:41:00,17400,Satellite,SpaceX,LEO,True,True,True,True,False,0,12,67,0,45,0
438,Starlink Group 6-50,1,5,20240413,20240403,01:40:00,17400,Satellite,SpaceX,LEO,True,True,True,True,False,0,10,67,0,45,0
439,Starlink Group 11-19,1,5,20240413,20240410,08:01:00,17400,Satellite,SpaceX,LEO,True,True,True,True,True,0,3,67,0,45,0
440,Starlink Group 6-51,3,5,20240418,20240409,22:20:00,17400,Satellite,SpaceX,LEO,True,True,True,True,True,0,9,67,0,50,0
441,Starlink Group 11-20,2,5,20240418,20240308,00:40:00,17400,Satellite,SpaceX,LEO,True,True,True,True,False,0,41,67,0,50,0
442,Starlink Group 8-1,1,5,20240423,20240414,22:17:00,17400,Satellite,SpaceX,LEO,True,True,True,True,False,0,9,67,0,45,0
443,Starlink Group 11-21,3,5,20240423,20240319,15:02:00,17400,Satellite,SpaceX,LEO,True,True,True,True,False,0,35,67,0,50,0
444,Galileo L12,1,5,20240428,20240416,00:34:00,4700,Satellite,ESA,MEO,True,True,True,True,True,0,12,67,0,50,0
445,Starlink Group 11-22,2,5,20240428,20240415,08:24:00,17400,Satellite,SpaceX,LEO,True,True,True,True,True,0,13,67,0,45,0
446,WorldView Legion 1-2,3,5,20240502,20240428,18:36:00,1500,Satellite,Maxar,SSO,True,True,True,True,False,0,4,67,0,45,0
447,Starlink Group 8-2,2,5,20240502,20240423,13:30:00,17400,Satellite,SpaceX,LEO,True,True,True,True,True,0,9,67,0,50,0
448,Starlink Group 11-23,3,5,20240502,20240428,00:35:00,17400,Satellite,SpaceX,LEO,True,True,True,True,False,0,4,67,0,45,0
449,Starlink Group 8-3,1,5,20240506,20240504,22:14:00,17400,Satellite,SpaceX,LEO,True,True,True,True,False,0,2,67,0,45,0
450,Starlink Group 11-24,2,5,20240506,20240428,13:23:00,17400,Satellite,SpaceX,LEO,True,True,True,True,False,0,8,67,0,50,0
451,Starlink Group 8-4,3,5,20240508,20240505,22:42:00,17400,Satellite,SpaceX,LEO,True,True,True,True,True,0,3,67,0,50,0
452,Starlink Group 11-25,1,5,20240508,20240503,11:25:00,17400,Satellite,SpaceX,LEO,True,True,True,True,False,0,5,67,0,45,0
453,Starlink Group 8-5,1,5,20240510,20240430,01:26:00,17400,Satellite,SpaceX,LEO,True,True,True,True,False,0,10,67,0,45,0
454,Starlink Group 11-26,1,5,20240510,20240429,01:25:00,17400,Satellite,SpaceX,LEO,True,True,True,True,True,0,11,67,0,45,0
455,Starlink Group 8-6,2,5,20240514,20240501,00:53:00,17400,Satellite,SpaceX,LEO,True,True,True,True,True,0,13,67,0,50,0
456,Starlink Group 11-27,3,5,20240514,20240505,08:23:00,17400,Satellite,SpaceX,LEO,True,True,True,True,False,0,9,67,0,45,0
457,Starlink Group 8-7,1,5,20240515,20240509,21:54:00,17400,Satellite,SpaceX,LEO,True,True,True,True,False,0,6,67,0,45,0
458,Starlink Group 11-28,3,5,20240515,20240509,03:41:00,17400,Satellite,SpaceX,LEO,True,True,True,True,True,0,6,67,0,45,0
459,Starlink Group 8-8,3,5,20240518,20240514,00:35:00,17400,Satellite,SpaceX,LEO,True,True,True,True,True,0,4,67,0,50,0
460,Starlink Group 11-29,3,5,20240518,20240405,14:54:00,17400,Satellite,SpaceX,LEO,True,True,True,True,False,0,43,67,0,50,0
461,Starlink Group 8-9,1,5,20240523,20240516,03:00:00,17400,Satellite,SpaceX,LEO,True,True,True,True,False,0,7,67,0,45,0
462,Starlink Group 11-30,3,5,20240523,20240507,02:10:00,17400,Satellite,SpaceX,LEO,True,True,True,True,False,0,16,67,0,50,0
463,Starlink Group 10-1,3,5,20240528,20240520,17:34:00,17400,Satellite,SpaceX,LEO,True,True,True,True,True,0,8,67,0,50,0
464,Starlink Group 11-31,3,5,20240528,20240520,07:09:00,17400,Satellite,SpaceX,LEO,True,True,True,True,False,0,8,67,0,50,0
465,EarthCARE,3,5,20240529,20240527,00:20:00,2200,Satellite,ESA/JAXA,SSO,True,True,True,True,False,0,2,67,0,45,0
466,Starlink Group 11-32,3,5,20240529,20240518,12:24:00,17400,Satellite,SpaceX,LEO,True,True,True,True,False,0,11,67,0,50,0
467,Starlink Group 10-2,1,5,20240601,20240513,04:45:00,17400,Satellite,SpaceX,LEO,True,True,True,True,True,0,19,67,0,50,0
468,Starlink Group 11-33,3,5,20240601,20240419,01:48:00,17400,Satellite,SpaceX,LEO,True,True,True,True,True,0,43,67,0,45,0
469,Starship IFT-4,5,8,20240606,20230912,12:50:00,0,Test,SpaceX,SUB,True,True,True,False,False,0,268,10,0,95,0
470,Starlink Group 10-3,3,5,20240608,20240524,21:48:00,17400,Satellite,SpaceX,LEO,True,True,True,True,True,0,15,67,0,50,0
471,Starlink Group 11-34,2,5,20240608,20240531,15:57:00,17400,Satellite,SpaceX,LEO,True,True,True,True,True,0,8,67,0,50,0
472,Starlink Group 10-4,1,5,20240614,20240601,05:20:00,17400,Satellite,SpaceX,LEO,True,True,True,True,False,0,13,67,0,45,0
473,Starlink Group 11-35,2,5,20240614,20240526,17:53:00,17400,Satellite,SpaceX,LEO,True,True,True,True,False,0,19,67,0,50,0
474,Starlink Group 10-5,2,5,20240619,20240602,04:40:00,17400,Satellite,SpaceX,LEO,True,True,True,True,True,0,17,67,0,50,0
475,Starlink Group 11-36,1,5,20240619,20240618,04:43:00,17400,Satellite,SpaceX,LEO,True,True,True,True,True,0,1,67,0,45,0
476,ASTRA 1P,1,5,20240621,20240527,00:35:00,5500,Satellite,SES,GTO,True,True,True,True,False,0,25,67,0,45,0
477,Starlink Group 10-6,3,5,20240623,20240613,21:15:00,17400,Satellite,SpaceX,LEO,True,True,True,True,False,0,10,67,0,45,0
478,Starlink Group 11-37,1,5,20240623,20240503,21:28:00,17400,Satellite,SpaceX,LEO,True,True,True,True,True,0,51,67,0,50,0
479,GOES-U,1,5,20240625,20240614,21:16:00,5200,Satellite,NASA/NOAA,GTO,True,True,True,True,False,0,11,67,0,45,0
480,Starlink Group 10-7,1,5,20240628,20240602,00:57:00,17400,Satellite,SpaceX,LEO,True,True,True,True,True,0,26,67,0,50,0
481,Starlink Group 11-38,2,5,20240628,20240627,12:25:00,17400,Satellite,SpaceX,LEO,True,True,True,True,False,0,1,67,0,50,0
482,Starlink Group 10-8,2,5,20240703,20240625,02:57:00,17400,Satellite,SpaceX,LEO,True,True,True,True,True,0,8,67,0,50,0
483,Starlink Group 11-39,3,5,20240703,20240626,15:10:00,17400,Satellite,SpaceX,LEO,True,True,True,True,False,0,7,67,0,50,0
484,Turksat 6A,1,5,20240709,20240707,23:30:00,4250,Satellite,Turksat,GTO,True,True,True,True,False,0,2,67,0,45,0
485,Starlink Group 10-9,1,5,20240710,20240708,01:45:00,17400,Satellite,SpaceX,LEO,True,True,True,True,False,0,2,67,0,45,0
486,Starlink Group 11-40,2,5,20240710,20240705,10:52:00,17400,Satellite,SpaceX,LEO,True,True,True,True,True,0,5,67,0,45,0
487,Starlink Group 10-10,3,5,20240712,20240703,04:33:00,17400,Satellite,SpaceX,LEO,True,True,True,True,True,0,9,67,0,50,0
488,Starlink Group 11-41,3,5,20240712,20240704,22:19:00,17400,Satellite,SpaceX,LEO,True,True,True,True,False,0,8,67,0,50,0
489,Starlink Group 10-11,1,5,20240719,20240716,05:20:00,17400,Satellite,SpaceX,LEO,True,True,True,True,True,0,3,67,0,50,0
490,Starlink Group 11-42,2,5,20240719,20240718,20:45:00,17400,Satellite,SpaceX,LEO,True,True,True,True,False,0,1,67,0,45,0
491,Starlink Group 10-12,3,5,20240727,20240531,01:21:00,17400,Satellite,SpaceX,LEO,True,True,True,True,False,0,57,67,0,45,0
492,Starlink Group 11-43,3,5,20240727,20240722,13:28:00,17400,Satellite,SpaceX,LEO,True,True,True,True,True,0,5,67,0,50,0
493,Starlink Group 10-13,2,5,20240731,20240709,06:31:00,17400,Satellite,SpaceX,LEO,True,True,True,True,True,0,22,67,0,50,0
494,Starlink Group 11-44,1,5,20240731,20240728,02:16:00,17400,Satellite,SpaceX,LEO,True,True,True,True,False,0,3,67,0,50,0
495,CRS-31 (correction),1,5,20240805,20240625,03:50:00,2927,Dragon 2,NASA,ISS,True,True,True,True,False,31,41,67,0,45,0
496,Starlink Group 10-14,1,5,20240807,20240703,18:53:00,17400,Satellite,SpaceX,LEO,True,True,True,True,False,0,35,67,0,45,0
497,Starlink Group 11-45,1,5,20240807,20240725,08:06:00,17400,Satellite,SpaceX,LEO,True,True,True,True,False,0,13,67,0,45,0
498,Arctic Satellite Broadband Mission,3,5,20240812,20240803,00:02:00,4000,Satellite,SDA,HEO,True,True,True,True,True,0,9,67,0,50,0
499,Starlink Group 11-46,3,5,20240812,20240630,12:21:00,17400,Satellite,SpaceX,LEO,True,True,True,True,True,0,43,67,0,50,0
500,Starlink Group 10-15,3,5,20240815,20240626,11:38:00,17400,Satellite,SpaceX,LEO,True,True,True,True,False,0,50,67,0,45,0
501,Starlink Group 11-47,1,5,20240815,20240719,12:26:00,17400,Satellite,SpaceX,LEO,True,True,True,True,True,0,27,67,0,50,0
502,Transporter-11,3,5,20240816,20240812,18:56:00,5400,SmallSat,Various,SSO,True,True,True,True,True,0,4,67,0,50,0
503,Starlink Group 10-16,2,5,20240820,20240810,13:00:00,17400,Satellite,SpaceX,LEO,True,True,True,True,True,0,10,67,0,50,0
504,Starlink Group 11-48,3,5,20240820,20240812,19:00:00,17400,Satellite,SpaceX,LEO,True,True,True,True,False,0,8,67,0,45,0
505,Starlink Group 10-17,1,5,20240828,20240820,03:21:00,17400,Satellite,SpaceX,LEO,True,True,True,True,True,0,8,67,0,50,0
506,Starlink Group 11-49,2,5,20240828,20240825,19:13:00,17400,Satellite,SpaceX,LEO,True,True,True,True,True,0,3,67,0,50,0
507,Starlink Group 10-18,1,5,20240831,20240830,07:43:00,17400,Satellite,SpaceX,LEO,True,True,True,True,False,0,1,67,0,45,0
508,Starlink Group 11-50,3,5,20240831,20240803,02:10:00,17400,Satellite,SpaceX,LEO,True,True,True,True,False,0,28,67,0,50,0
509,Starlink Group 10-19,2,5,20240905,20240904,08:09:00,17400,Satellite,SpaceX,LEO,True,True,True,True,True,0,1,67,0,50,0
510,Starlink Group 11-51,2,5,20240905,20240821,08:32:00,17400,Satellite,SpaceX,LEO,True,True,True,True,False,0,15,67,0,50,0
511,Starlink Group 10-20,3,5,20240909,20240901,01:10:00,17400,Satellite,SpaceX,LEO,True,True,True,True,False,0,8,67,0,45,0
512,Starlink Group 11-52,3,5,20240909,20240902,06:57:00,17400,Satellite,SpaceX,LEO,True,True,True,True,False,0,7,67,0,45,0
513,Polaris Dawn,2,5,20240910,20240904,09:23:00,12519,Dragon 2,Shift4,LEO,True,True,True,True,False,5,6,220,4,75,0
514,Starlink Group 10-21,1,5,20240913,20240910,05:44:00,17400,Satellite,SpaceX,LEO,True,True,True,True,True,0,3,67,0,50,0
515,Starlink Group 11-53,1,5,20240913,20240909,11:45:00,17400,Satellite,SpaceX,LEO,True,True,True,True,True,0,4,67,0,45,0
516,Maxar 3-4,2,5,20240915,20240804,08:34:00,1500,Satellite,Maxar,SSO,True,True,True,True,True,0,42,67,0,50,0
517,BlueBird 1-5,1,5,20240917,20240910,03:52:00,4700,Satellite,AST SpaceMobile,LEO,True,True,True,True,False,0,7,67,0,45,0
518,Starlink Group 10-22,2,5,20240918,20240905,01:01:00,17400,Satellite,SpaceX,LEO,True,True,True,True,True,0,13,67,0,50,0
519,Starlink Group 11-54,2,5,20240918,20240917,10:15:00,17400,Satellite,SpaceX,LEO,True,True,True,True,True,0,1,67,0,50,0
520,Starlink Group 10-23,1,5,20240920,20240811,09:20:00,17400,Satellite,SpaceX,LEO,True,True,True,True,False,0,40,67,0,45,0
521,Starlink Group 11-55,2,5,20240920,20240903,20:44:00,17400,Satellite,SpaceX,LEO,True,True,True,True,False,0,17,67,0,45,0
522,Starlink Group 10-24,1,5,20240925,20240915,00:25:00,17400,Satellite,SpaceX,LEO,True,True,True,True,False,0,10,67,0,45,0
523,Starlink Group 11-56,1,5,20240925,20240915,00:05:00,17400,Satellite,SpaceX,LEO,True,True,True,True,True,0,10,67,0,50,0
524,Crew-9,1,5,20240928,20240922,17:17:00,12519,Dragon 2,NASA,ISS,True,True,True,True,False,235,6,220,2,75,0
525,Starlink Group 10-25,2,5,20240930,20240926,21:21:00,17400,Satellite,SpaceX,LEO,True,True,True,True,True,0,4,67,0,50,0
526,Starlink Group 11-57,3,5,20240930,20240926,18:41:00,17400,Satellite,SpaceX,LEO,True,True,True,True,True,0,4,67,0,45,0
527,Hera,1,5,20241007,20240924,14:52:00,1081,Satellite,ESA,HEO,True,True,True,True,False,0,13,67,0,45,0
528,Starlink Group 10-26,3,5,20241011,20240928,02:31:00,17400,Satellite,SpaceX,LEO,True,True,True,True,False,0,13,67,0,45,0
529,Starlink Group 11-58,1,5,20241011,20240929,08:48:00,17400,Satellite,SpaceX,LEO,True,True,True,True,True,0,12,67,0,45,0
530,Starship IFT-5,5,8,20241013,20240125,12:25:00,0,Test,SpaceX,SUB,True,True,True,False,False,0,262,10,0,100,0
531,Europa Clipper,2,7,20241014,20240913,16:06:00,6065,Satellite,NASA,HEO,True,True,True,True,True,0,31,90,0,50,0
532,Starlink Group 10-27,1,5,20241015,20241012,05:34:00,17400,Satellite,SpaceX,LEO,True,True,True,True,True,0,3,67,0,50,0
533,Starlink Group 11-59,3,5,20241015,20241011,05:46:00,17400,Satellite,SpaceX,LEO,True,True,True,True,False,0,4,67,0,50,0
534,Starlink Group 10-28,2,5,20241018,20240908,23:24:00,17400,Satellite,SpaceX,LEO,True,True,True,True,True,0,40,67,0,50,0
535,Starlink Group 11-60,2,5,20241018,20241007,23:34:00,17400,Satellite,SpaceX,LEO,True,True,True,True,False,0,11,67,0,45,0
536,OneWeb 4,3,5,20241020,20240828,05:13:00,2000,Satellite,OneWeb,LEO,True,True,True,True,True,0,53,67,0,50,0
537,Starlink Group 10-29,1,5,20241021,20241013,00:47:00,17400,Satellite,SpaceX,LEO,True,True,True,True,False,0,8,67,0,45,0
538,Starlink Group 12-1,3,5,20241021,20241011,19:05:00,17400,Satellite,SpaceX,LEO,True,True,True,True,False,0,10,67,0,45,0
539,Starlink Group 10-30,3,5,20241023,20240928,04:27:00,17400,Satellite,SpaceX,LEO,True,True,True,True,False,0,25,67,0,45,0
540,Starlink Group 12-2,1,5,20241023,20240831,07:55:00,17400,Satellite,SpaceX,LEO,True,True,True,True,True,0,53,67,0,45,0
541,Starlink Group 10-31,2,5,20241026,20241017,05:47:00,17400,Satellite,SpaceX,LEO,True,True,True,True,True,0,9,67,0,50,0
542,Starlink Group 12-3,2,5,20241026,20241018,13:29:00,17400,Satellite,SpaceX,LEO,True,True,True,True,True,0,8,67,0,50,0
543,Starlink Group 10-32,1,5,20241030,20241005,04:10:00,17400,Satellite,SpaceX,LEO,True,True,True,True,False,0,25,67,0,45,0
544,Starlink Group 12-4,1,5,20241030,20241026,23:33:00,17400,Satellite,SpaceX,LEO,True,True,True,True,True,0,4,67,0,50,0
545,TD-7,3,5,20241103,20240914,03:57:00,1100,Satellite,China,SSO,True,True,True,True,False,0,50,67,0,45,0
546,CRS-31,2,5,20241105,20241022,02:29:00,2833,Dragon 2,NASA,ISS,True,True,True,True,False,31,14,67,0,45,0
547,Lignosat,2,5,20241105,20241104,21:29:00,1,Satellite,Kyoto Univ,ISS,True,True,True,True,False,0,1,67,0,45,0
548,Starlink Group 10-33,2,5,20241107,20241028,04:16:00,17400,Satellite,SpaceX,LEO,True,True,True,True,True,0,10,67,0,50,0
549,Starlink Group 12-5,3,5,20241107,20241104,14:48:00,17400,Satellite,SpaceX,LEO,True,True,True,True,True,0,3,67,0,45,0
550,Starlink Group 10-34,1,5,20241109,20240917,07:39:00,17400,Satellite,SpaceX,LEO,True,True,True,True,False,0,53,67,0,45,0
551,Starlink Group 12-6,1,5,20241109,20241016,23:29:00,17400,Satellite,SpaceX,LEO,True,True,True,True,True,0,24,67,0,50,0
552,KOREASAT-6A,1,5,20241111,20241106,21:02:00,3900,Satellite,KT Corp,GTO,True,True,True,True,True,0,5,67,0,50,0
553,Starlink Group 10-35,3,5,20241114,20240916,05:22:00,17400,Satellite,SpaceX,LEO,True,True,True,True,True,0,59,67,0,50,0
554,Starlink Group 12-7,2,5,20241114,20241107,05:29:00,17400,Satellite,SpaceX,LEO,True,True,True,True,False,0,7,67,0,45,0
555,Starlink Group 10-36,1,5,20241118,20240926,04:28:00,17400,Satellite,SpaceX,LEO,True,True,True,True,False,0,53,67,0,45,0
556,Starlink Group 12-8,1,5,20241118,20241109,09:42:00,17400,Satellite,SpaceX,LEO,True,True,True,True,True,0,9,67,0,50,0
557,GSAT-N2,1,5,20241119,20241027,01:31:00,4700,Satellite,ISRO,GTO,True,True,True,True,True,0,23,67,0,50,0
558,Starship IFT-6,5,8,20241119,20240224,22:00:00,0,Test,SpaceX,SUB,True,True,False,False,False,0,269,10,0,98,1
559,NSIL-GSAT-20,1,5,20241119,20241011,06:31:00,4700,Satellite,ISRO,GTO,True,True,True,True,False,0,39,67,0,45,0
560,Starlink Group 10-37,2,5,20241120,20241116,10:47:00,17400,Satellite,SpaceX,LEO,True,True,True,True,True,0,4,67,0,50,0
561,Starlink Group 12-9,1,5,20241120,20241109,10:05:00,17400,Satellite,SpaceX,LEO,True,True,True,True,True,0,11,67,0,50,0
562,Starlink Group 10-38,3,5,20241123,20241103,00:25:00,17400,Satellite,SpaceX,LEO,True,True,True,True,False,0,20,67,0,45,0
563,Starlink Group 12-10,3,5,20241123,20241121,06:40:00,17400,Satellite,SpaceX,LEO,True,True,True,True,False,0,2,67,0,45,0
564,Starlink Group 10-39,1,5,20241126,20241001,04:52:00,17400,Satellite,SpaceX,LEO,True,True,True,True,True,0,56,67,0,50,0
565,Starlink Group 12-11,2,5,20241126,20241115,21:16:00,17400,Satellite,SpaceX,LEO,True,True,True,True,False,0,11,67,0,45,0
566,Starlink Group 10-40,2,5,20241130,20241122,08:00:00,17400,Satellite,SpaceX,LEO,True,True,True,True,False,0,8,67,0,45,0
567,Starlink Group 12-12,1,5,20241130,20241126,05:31:00,17400,Satellite,SpaceX,LEO,True,True,True,True,True,0,4,67,0,50,0
568,Starlink Group 10-41,1,5,20241203,20241125,10:12:00,17400,Satellite,SpaceX,LEO,True,True,True,True,True,0,8,67,0,50,0
569,Starlink Group 12-13,1,5,20241203,20241120,01:29:00,17400,Satellite,SpaceX,LEO,True,True,True,True,True,0,13,67,0,50,0
570,SiriusXM-9,1,5,20241205,20241129,16:47:00,7000,Satellite,Sirius XM,GTO,True,True,True,True,False,0,6,67,0,45,0
571,Starlink Group 10-42,2,5,20241208,20241206,05:26:00,17400,Satellite,SpaceX,LEO,True,True,True,True,True,0,2,67,0,50,0
572,Starlink Group 12-14,2,5,20241208,20241201,15:59:00,17400,Satellite,SpaceX,LEO,True,True,True,True,True,0,7,67,0,45,0
573,Starlink Group 12-15,1,5,20241213,20241020,05:17:00,17400,Satellite,SpaceX,LEO,True,True,True,True,True,0,54,67,0,45,0
574,Starlink Group 12-16,3,5,20241215,20241209,04:22:00,17400,Satellite,SpaceX,LEO,True,True,True,True,True,0,6,67,0,50,0
575,Starlink Group 12-17,1,5,20241218,20241026,01:03:00,17400,Satellite,SpaceX,LEO,True,True,True,True,False,0,53,67,0,45,0
576,Starlink Group 12-18,1,5,20241221,20241220,06:56:00,17400,Satellite,SpaceX,LEO,True,True,True,True,False,0,1,67,0,45,0
577,Starlink Group 12-19,2,5,20241227,20241220,05:45:00,17400,Satellite,SpaceX,LEO,True,True,True,True,False,0,7,67,0,50,0
578,Starlink Group 12-20,1,5,20241230,20241222,10:07:00,17400,Satellite,SpaceX,LEO,True,True,True,True,True,0,8,67,0,50,0
